ticker,address,city,state,zip,country,website
ABCB4.SA,"Rua Dr. Renato Paes de Barros, 1017 3rd Floor",São Paulo,SP,04530-001,Brazil,https://www.ambev.com.br
AGRO3.SA,"Rua Emílio Bertolini, 100 Vila Oficinas",Curitiba,PR,82920-030,Brazil,https://www.rumolog.com
RAIL3.SA,"Rua James Holland, 422 Barra Funda",São Paulo,SP,01138-909,Brazil,https://www.marisa.com.br
ALPA3.SA,"Av. das NaCOes Unidas, 14.261 Wing A - 9th, 10th and 11th floors",São Paulo,SP,04794-000,Brazil,https://www.alpargatas.com.br
ALPA4.SA,"Av. das NaCOes Unidas, 14.261 Wing A - 9th, 10th and 11th floors",São Paulo,SP,04794-000,Brazil,https://www.alpargatas.com.br
ALSO3.SA,"Avenida Cidade Jardim, 803 2nd floor Itaim Bibi",São Paulo,SP,01453-000,Brazil,https://www.abcbrasil.com.br
AMAR3.SA, ,N/A,N/A,N/A,N/A,N/A
ABEV3.SA,"Avenida Brigadeiro Faria Lima, 1309 5th Floor",São Paulo,SP,01452-002,Brazil,https://www.brasil-agro.com
ADHM3.SA,"Rua Fernandes Tourinho, 147 room 402 Bairro Savassi",Belo Horizonte,MG,30112-000,Brazil,https://ri.arezzoco.com.br
ARZZ3.SA,"EdifIcio Banco do Brasil Quadra 5, Lote B Autarquias Norte Federal District",Brasília,DF,N/A,Brazil,https://www.bb.com.br
BBAS3.SA,"Cidade De Deus, S/N Vila Yara",Osasco,SP,06029-900,Brazil,https://banco.bradesco
BBDC3.SA, ,N/A,N/A,N/A,N/A,N/A
BBDC4.SA,"Cidade De Deus, S/N Vila Yara",Osasco,SP,06029-900,Brazil,https://banco.bradesco
BBRK3.SA,Avenida Antônio Manço Bernardes s/nº ,Barretos,SP,14781-545,Brazil,https://ri.minervafoods.com
BEEF3.SA, ,N/A,N/A,N/A,N/A,N/A
BPHA3.SA,"Avenida Paulista, nº 1.374 16th Floor Bela Vista",São Paulo,SP,N/A,Brazil,https://www.bancopan.com.br
BPAN4.SA,1450 Paulista Avenue 9th Floor,São Paulo,SP,01310-917,Brazil,https://www.bradespar.com.br
BRAP3.SA,"Rua Lemos Monteiro, 120 22º andar Pinheiros One São Paulo Butantã",São Paulo,SP,05501-050,Brazil,https://www.braskem.com.br
BRAP4.SA,"Rua Lemos Monteiro, 120 22º andar Pinheiros One São Paulo Butantã",São Paulo,SP,05501-050,Brazil,https://www.braskem.com.br
BRFS3.SA,1450 Paulista Avenue 9th Floor,São Paulo,SP,01310-917,Brazil,https://www.bradespar.com.br
APER3.SA,Avenida das Nacoes Unidas 12.495 - 18o andar,São Paulo,SP,04578-000,Brazil,https://www.brpr.com.br
BRKM3.SA,Av. Das Nações Unidas 14.401 22nd to 25th Floors Torre Jequitibá Condomínio Parque da Cidade Chácara Santo Antônio,São Paulo,SP,04730-090,Brazil,https://www.brf-global.com
BRKM5.SA, ,N/A,N/A,N/A,N/A,N/A
BRML3.SA,"Rua Gilberto Sabino, nº 215 13th floor",São Paulo,SP,05425-020,Brazil,https://www.alperseguros.com.br
BRPR3.SA,"Rua do Lavradio, 71 2nd floor Centro district",Rio De Janeiro,RJ,20230-070,Brazil,https://ri.oi.com.br
BRSR6.SA,"Rua do Lavradio, 71 2nd floor Centro district",Rio De Janeiro,RJ,20230-070,Brazil,https://ri.oi.com.br
OIBR3.SA, ,N/A,N/A,N/A,N/A,N/A
OIBR4.SA, ,N/A,N/A,N/A,N/A,N/A
BTOW3.SA,"Rua Capitão Montanha, 177 4th Floor",Porto Alegre,RS,N/A,Brazil,https://www.banrisul.com.br
B3SA3.SA, ,N/A,N/A,N/A,N/A,N/A
CAMB4.SA, ,N/A,N/A,N/A,N/A,N/A
CARD3.SA,"Av. Chedid Jafet, 222 Vila Olimpia",São Paulo,SP,04551-06,Brazil,https://www.ccr.com.br
CCPR3.SA, ,N/A,N/A,N/A,N/A,N/A
CCRO3.SA,Av. Brig Faria Lima Andar 27 Sala 01 Itaim Bibi,São Paulo,SP,04538-132,Brazil,https://www.comgas.com.br
CEDO4.SA,"Avenida Clovis Paim Grivot, n°11 Bairro Humaitá",Porto Alegre,RS,90250-020,Brazil,https://www.ceee.com.br
CEED3.SA,"Rua Valentin Grazziotin, 77 São Cristóvão",Passo Fundo,RS,99060-030,Brazil,https://www.grazziotin.com.br
CESP6.SA,"Avenida Barbacena, 1200 ",Belo Horizonte,MG,30190-131,Brazil,https://www.cemig.com.br
CGAS5.SA,"Rua Paraíba, no. 330, 9th Floor Bairro Escritores",Belo Horizonte,MG,30130-917,Brazil,https://www.cedro.com.br
CGRA4.SA,"Rua Jorge Figueiredo CorrEa, no 1.632 Jardim Professora TarcIlia",Campinas,SP,13087-397,Brazil,https://www.cpfl.com.br
CIEL3.SA,"Alameda Xingu, 512 21st to 25th Floor Alphaville",Barueri,SP,06455-030,Brazil,https://www.cielo.com.br
CMIG3.SA,"Rua Padre Valdevino, nº 150 Centro",Fortaleza,CE,N/A,Brazil,https://www.enel.com.br/pt/investidores.html
CMIG4.SA,"Avenida Barbacena, 1200 ",Belo Horizonte,MG,30190-131,Brazil,https://www.cemig.com.br
COCE5.SA,"Rua JosE Izidoro Biazetto, 158 Bloco A",Curitiba,PR,81200-240,Brazil,https://www.copel.com
CPFE3.SA,"Av. Brigadeiro Faria Lima, 3400 19th and 20th Floors Itaim Bibi",São Paulo,SP,04538-132,Brazil,https://www.csn.com.br
CPLE3.SA,"Rua JosE Izidoro Biazetto, 158 Bloco A",Curitiba,PR,81200-240,Brazil,https://www.copel.com
CPLE6.SA,"Rua Mar de Espanha, 525 Bairro Santo Antonio",Belo Horizonte,MG,30330-270,Brazil,https://www.copasa.com.br
CRDE3.SA, ,N/A,N/A,N/A,N/A,N/A
CSAN3.SA,"Avenida Brigadeiro Faria Lima, 4100 16th floor",São Paulo,SP,04538-132,Brazil,https://www.cosan.com.br
CSMG3.SA, ,N/A,N/A,N/A,N/A,N/A
CSNA3.SA,"Avenida Juruá, nº 434 Alphaville",Barueri,SP,06455-010,Brazil,https://www.dasa3.com.br
LIQO3.SA,"Rua dos Otoni, 177 10th floor",Belo Horizonte,MG,30150-270,Brazil,https://direcional.com.br
CTNM4.SA,"Rua do Rocio nº 109 - 2º andar Sala 01 - Parte, Vila Olímpia",São Paulo,SP,04552-000,Brazil,https://www.cyrela.com.br
CYRE3.SA,"Avenida Lincoln Alves dos Santos, n° 955 Bairro Industrial",Montes Claros,MG,39404-005,Brazil,https://www.coteminas.com.br
DASA3.SA, ,N/A,N/A,N/A,N/A,N/A
DIRR3.SA, ,N/A,N/A,N/A,N/A,N/A
DTEX3.SA,"Rua Gomes de Carvalho, 1510 3rd Floor Vila Olímpia",São Paulo,SP,04547-005,Brazil,https://www.ecorodovias.com.br
ECOR3.SA, ,N/A,N/A,N/A,N/A,N/A
EEEL3.SA, ,N/A,N/A,N/A,N/A,N/A
ELEK4.SA,"Rua da Quitanda, 196 9th Floor Centro",Rio De Janeiro,RJ,20091-005,Brazil,https://www.eletrobras.com
ELET3.SA,"Eldorado Business Tower 30th floor Avenida Dra. Ruth Cardoso, No. 8,501 Pinheiros",São Paulo,SP,05425-070,Brazil,https://embraer.com
ELET6.SA,"Parque Cidade Corporate Building Tower A, Rooms 201, 202,204, 205 SCS, BLOCK 09, LOT C Asa Sul",Brasília,DF,70308-200,Brazil,https://www.equatorialenergia.com.br
EMBR3.SA,"Rua da Quitanda, 196 9th Floor Centro",Rio De Janeiro,RJ,20091-005,Brazil,https://www.eletrobras.com
ENBR3.SA,"Rua Dr. Fernandes Coelho, 85 8th floor Pinheiros",São Paulo,SP,05423-040,Brazil,https://www.eternit.com.br
ENGI4.SA,"Avenida Venezuela,43 ",Rio De Janeiro,RJ,N/A,Brazil,https://yduqs.com.br
EQTL3.SA,"Rua Ewerton Visco, 290 Ed. Boulevard Side Empresarial 25º andar – Caminho das Árvores",Salvador,BA,41820-022,Brazil,https://www.ferbasa.com.br
YDUQ3.SA,"Avenida República do Líbano, 1921 Ibirapuera",São Paulo,SP,04501-002,Brazil,https://www.eztec.com.br
ETER3.SA,Praça Rui Barbosa 80 ,Cataguases,MG,36770-901,Brazil,https://www.energisa.com.br
EUCA4.SA,"Rua Hungria, 1.400 3o andar Jardim AmErica",São Paulo,SP,01455-000,Brazil,https://www.even.com.br
EVEN3.SA,"Avenida Irene Karcher, nº 620 Betel - PaulInia",São Paulo,SP,13148-906,Brazil,https://www.heringer.com.br
EZTC3.SA,"Tower I 11th Floor Av. Pres. Juscelino Kubitschek, 1830",São Paulo,SP,04543-900,Brazil,https://www.eucatex.com.br
FESA4.SA,"Av. São Borja, 2181 Distrito Industrial",São Leopoldo,RS,93035-411,Brazil,https://www.taurusarmas.com.br
FHER3.SA,"PraCa Antonio Prado, 48 Rua XV de Novembro, 275 Centro",São Paulo,SP,18970-020,Brazil,https://www.b3.com.br
TASA4.SA,"Avenida AbrahAo GonCalves Braga, 412 Vila Livieiro",São Paulo,SP,04186-220,Brazil,https://www.metalfrio.com.br
FLRY3.SA, ,N/A,N/A,N/A,N/A,N/A
FRIO3.SA, ,N/A,N/A,N/A,N/A,N/A
TIET3.SA,Avenida Morumbi 8860 – 8º andar Brooklin,São Paulo,SP,04703-003,Brazil,https://ri.fleury.com.br
TIET4.SA,"No. 1830, Avenida Presidente Juscelino Kubitschek No. 32, commercial complex 3rd Floor, Block 2",São Paulo,SP,04543-900,Brazil,https://www.gafisa.com.br
GFSA3.SA,"Avenida Angélica, 2466 24th Floor Suite 241",São Paulo,SP,01228-200,Brazil,https://www.generalshopping.com.br
GGBR3.SA,"Av. Dra. Ruth Cardoso, 8501 8th floor",São Paulo,SP,05425-070,Brazil,https://www2.gerdau.com
GGBR4.SA,"Av. Dra. Ruth Cardoso, 8501 8th floor",São Paulo,SP,05425-070,Brazil,https://www2.gerdau.com
GOAU3.SA,"Avenida Doutora Ruth Cardoso, 8501 Floor 8 Set 1 Part Pinheiros",São Paulo,SP,05425-070,Brazil,N/A
GOAU4.SA,"Avenida Doutora Ruth Cardoso, 8501 Floor 8 Set 1 Part Pinheiros",São Paulo,SP,05425-070,Brazil,N/A
GOLL4.SA,"Praca Comandante Linneu Gomes, S/N Portaria 3, prEdio 24 Jardim Aeroporto",São Paulo,SP,04626-020,Brazil,https://www.voegol.com.br
GRND3.SA,"Av. Pimentel Gomes, 214 B. Expectativa",Sobral,CE,62040-125,Brazil,https://www.grendene.com.br
GSHP3.SA, ,N/A,N/A,N/A,N/A,N/A
HBOR3.SA, ,N/A,N/A,N/A,N/A,N/A
HGTX3.SA,"Av. Vereador Narciso Yague Guimarães, 1.145 15° andar",Mogi das Cruzes,SP,N/A,Brazil,https://www.helbor.com.br
PRIO3.SA,"Praia de Botafogo, 370 13º andar - Botafogo",Rio de Janeiro,RJ,22250-040,Brazil,https://www.prio3.com.br
HYPE3.SA,"Av. Magalhães de Castro, 4800 240 Floor Continental Tower Building Bairro Cidade Jardim",São Paulo,SP,05676-120,Brazil,https://www.hyperapharma.com.br
IDNT3.SA, ,N/A,N/A,N/A,N/A,N/A
IDVL4.SA, ,N/A,N/A,N/A,N/A,N/A
IGTA3.SA,Alameda Dr. Carlos de Carvalho nº 373 suite nº 1101 11th floor Center,São Paulo,SP,80410-180,Brazil,https://www.inepar.com.br
MEAL3.SA,"Avenida Doutora Ruth Cardoso, 4.777 12º andar Jardim Universidade Pinheiros",São Paulo,SP,N/A,Brazil,https://www.internationalmealcompany.com
INEP3.SA,Praça Alfredo Egydio de Souza Aranha n° 100,São Paulo,SP,04344-902,Brazil,https://www.itau.com.br
INEP4.SA,Alameda Dr. Carlos de Carvalho nº 373 suite nº 1101 11th floor Center,São Paulo,SP,80410-180,Brazil,https://www.inepar.com.br
ITSA3.SA,"Av. Paulista, 1938 5th Floor Bela Vista",São Paulo,SP,01310-200,Brazil,https://www.itausa.com.br
ITSA4.SA,"Av. Paulista, 1938 5th Floor Bela Vista",São Paulo,SP,01310-200,Brazil,https://www.itausa.com.br
ITUB3.SA,Praça Alfredo Egydio de Souza Aranha n° 100,São Paulo,SP,04344-902,Brazil,https://www.itau.com.br
ITUB4.SA,Rua Doutor Renato Paes de Barros Street 1.017 9th Floor Itaim Bibi,São Paulo,SP,04530–001,Brazil,https://www.jsl.com.br
JBSS3.SA,"Avenida das AmEricas, 3443 Block 3, Ala B - Room 108 Barra da Tijuca",Rio De Janeiro,RJ,22631-003,Brazil,https://www.joaofortes.com.br
JFEN3.SA,"Avenida Marginal Direita do TietE, 500 Vila Jaguara",São Paulo,SP,05118-100,Brazil,https://www.jbs.com.br
JHSF3.SA,"Continental Tower 27th floor Cidade Jardim Avenida MagalhAes de Castro, 4.800",São Paulo,SP,05502-001,Brazil,https://www.jhsf.com.br
JSLG3.SA,"Rua do Rócio, nº 84 3º Andar Vila Olímpia",São Paulo,SP,04757-020,Brazil,https://www.kepler.com.br
KEPL3.SA,"Avenida Brigadeiro Faria Lima, 3600 3rd, 4th and 5th Floors Itaim Bibi",São Paulo,SP,04538-132,Brazil,https://www.klabin.com.br
KLBN4.SA, ,N/A,N/A,N/A,N/A,N/A
LAME3.SA, ,N/A,N/A,N/A,N/A,N/A
LAME4.SA,"Rua Marechal Floriano, nº 168 Bloco 1 – 2º Andar Centro",Rio De Janeiro,RJ,20080-002,Brazil,https://www.light.com.br
LEVE3.SA,"Av. Ernst MAHLE, 2000 ",Mogi Guaçu,SP,13846-146,Brazil,https://www.mahle.com/en
LIGT3.SA,"Rua do Passeio, 78 12th floor Ed. BVEP Nigri Plaza",Rio De Janeiro,RJ,20021-280,Brazil,https://www.loginlogistica.com.br
LLIS3.SA,"Rua Estados Unidos, nº. 2.000 Jardim América",São Paulo,SP,01427-002,Brazil,https://www.lopes.com.br
LOGN3.SA, ,N/A,N/A,N/A,N/A,N/A
LPSB3.SA,"Av. Joaquim Porto Villanova, 401 ",Porto Alegre,RS,91410-400,Brazil,https://www.lojasrenner.com.br
LREN3.SA,"Rua Alcides Lourenço da Rocha, 167 8º andar",São Paulo,SP,04571-910,Brazil,https://www.lupatech.com.br
LUPA3.SA,Rodovia BR 116 KM 18 Jabuti,Eusébio,CE,61760-000,Brazil,https://mdiasbranco.com.br
MDIA3.SA, ,N/A,N/A,N/A,N/A,N/A
MGEL4.SA,"Rua Voluntários da, nº 1.465 Centro",Franca,SP,N/A,Brazil,https://www.magazineluiza.com.br
MGLU3.SA,"Estrada do Guerengue, n. 1381 Taquara",Rio De Janeiro,RJ,N/A,Brazil,https://www.mills.com.br
MILS3.SA, ,N/A,N/A,N/A,N/A,N/A
MMXM3.SA,"Praia de Botafogo, 501 Torre Corcovado, sala 404 B Botafogo",Rio De Janeiro,RJ,22250-040,Brazil,https://www.eneva.com.br
ENEV3.SA,"Rodovia FernAo Dias, Km 755.6 Distrito Industrial Três Corações",Campos Gerais,MG,37418-760,Brazil,https://www.mangels.com.br
MRFG3.SA,"Sabiá Tower 3rd Floor Av. Queiroz Filho, 1560 Vila Hamburguesa",São Paulo,SP,05319-000,Brazil,https://www.marfrig.com.br
MRVE3.SA,"Avenida das Americas, 4.200 sala 501 Bloco 2 Barra da Tijuca",Rio De Janeiro,RJ,22640-102,Brazil,https://www.multiplan.com.br
MTIG4.SA,"Rua Dr. Othon Barcellos, 83 ",Cruzeiro,SP,012730-900,Brazil,https://www.iochpe.com.br
MULT3.SA, ,N/A,N/A,N/A,N/A,N/A
MYPK3.SA, ,N/A,N/A,N/A,N/A,N/A
NATU3.SA,"Avenida Professor Mário Werneck, 621 1st Floor Estoril",Belo Horizonte,MG,30455-610,Brazil,https://www.mrv.com.br
ODPV3.SA,"Alameda Araguaia, 2104 21º andar Alphaville",Barueri,SP,06455-000,Brazil,https://www.odontoprev.com.br
OSXB3.SA,"Rua Lauro Muller, 116 Room 2403 Botafogo",Rio De Janeiro,RJ,22290-906,Brazil,https://www.osx.com.br
PCAR4.SA,"Avenida Henrique Valadares, 28 19th floor",Rio de Janeiro,RJ,20241-030,Brazil,https://petrobras.com.br
PDGR3.SA,"Avenida Ayrton Senna, 2150 Bloco P, 3rd Floor Barra da Tijuca",Rio De Janeiro,RJ,22775-900,Brazil,https://www.profarma.com.br
PETR3.SA,"Avenida Henrique Valadares, 28 19th floor",Rio de Janeiro,RJ,20241-030,Brazil,https://petrobras.com.br
PETR4.SA,"Av. Pres. Juscelino Kubitschek 1830, 6º andar Itaim Bibi",São Paulo,SP,04543-900,Brazil,https://www.pine.com
PFRM3.SA,"Rua Wilhelm Winter, 300 Distrito Industrial",Jundiaí,SP,13213-000,Brazil,https://www.plascar.com.br
PINE4.SA, ,N/A,N/A,N/A,N/A,N/A
PLAS3.SA,"Rua Felipe Camarão, 500 Neighborhood Utinga",Santo André,SP,09220-580,Brazil,https://www.paranapanema.com.br
PMAM3.SA,"Dr. Cardoso de Melo Avenue, 1855 6th Floor Vila OlImpia",São Paulo,SP,04548-005,Brazil,https://www.pdg.com.br
POMO3.SA,"Avenida Marcopolo, 280 Bairro Planalto",Caxias Do Sul,RS,95086-200,Brazil,https://www.marcopolo.com.br
POMO4.SA,"Rodovia RSC 453 Km 2,4 Industrial District",Caxias Do Sul,RS,95010-550,Brazil,https://www.pettenati.com.br
POSI3.SA,"Torre B 11º andar Alameda Barão de Piracicaba, nº 618/634 Campos Elíseos",São Paulo,SP,01216-012,Brazil,https://www.portoseguro.com.br
PSSA3.SA,"Avenida Paulista, 475 Cerqueira César",São Paulo,SP,01311-000,Brazil,https://www.qualicorp.com.br
PTBL3.SA,"Avenida Almirante Barroso, 52 suite 1301 (part) Centro",Rio De Janeiro,RJ,20031-918,Brazil,https://www.enauta.com.br
PTNT4.SA,"Avenida Marcopolo, 280 Bairro Planalto",Caxias Do Sul,RS,95086-200,Brazil,https://www.marcopolo.com.br
ENAT3.SA,"Rodovia BR-101, km 163 ",Tijucas,SC,88200-000,Brazil,https://www.portobello.com.br
QUAL3.SA,Avenue Rubem Bento Alves 1449 Interlagos,Caxias Do Sul,RS,95052-105,Brazil,https://www.randon.com.br
RAPT3.SA,"Rua JoAo Bettega, 5200 - CIC ",Curitiba,PR,81350-000,Brazil,https://www.positivotecnologia.com.br
RAPT4.SA,Avenue Rubem Bento Alves 1449 Interlagos,Caxias Do Sul,RS,95052-105,Brazil,https://www.randon.com.br
RDNI3.SA,Rodovia SC 355 - Km 28 PO Box 02,Fraiburgo,SC,N/A,Brazil,https://www.pomifrutas.com.br
RENT3.SA,"Av. Roque Petroni Junior, 850 14th floor Torre Jaceru Jardim das Acácias",São Paulo,SP,N/A,Brazil,https://www.renovaenergia.com.br
FRTA3.SA,"Avenida Bernardo de Vasconcelos, 377 Bairro Cachoeirinha",Belo Horizonte,MG,31150-000,Brazil,https://www.localiza.com
RNEW11.SA,Avenida Francisco das Chagas de Oliveira ,São José do Rio Preto,SP,15085-485,Brazil,https://rni.com.br
ROMI3.SA,"Rua Costa Carvalho, nº 300 Pinheiros",São Paulo,SP,05429-900,Brazil,https://www.sabesp.com.br
RSID3.SA,Rod. Luiz de Queiroz (SP-304) km 141 5 - Distrito Industrial Sul,Santa Bárbara d'Oeste,SP,13459-057,Brazil,https://www.romi.com
SANB11.SA,Avenida Lincoln Alves dos Santos number 955,Montes Claros,MG,39404-005,Brazil,https://ri.springs.com
SBSP3.SA,Rua Henri Dunant No. 873 6th Floor St. Anthony's Farm,São Paulo,SP,04709-111,Brazil,https://www.rossiresidencial.com.br
SCAR3.SA,"Rua Dr. Eduardo de Souza Aranha, 153 12th Floor Vila Nova Conceição",São Paulo,SP,04543-904,Brazil,https://www.scsa.com.br
SGPS3.SA,"Avenida Presidente Juscelino Kubitschek 2041, Suite 281 Block A CondomInio WTORRE JK Vila Nova ConceiCAo",São Paulo,SP,04543-011,Brazil,https://www.santander.com.br
SHOW3.SA,"Rua Cristiano Viana nº 401, 15º andar Pinheiros",Sao Paulo,SP,05411- 000,Brazil,https://www.t4f.com.br
SLCE3.SA,"Avenue Nilo Peçanha, 2900 Room 301 Boa Vista District",Porto Alegre,RS,91330-002,Brazil,https://www.slcagricola.com.br
SLED4.SA,"Rua Henrique Schaumann, 270 ",São Paulo,SP,N/A,Brazil,https://www.saraivari.com.br
SMTO3.SA, ,N/A,N/A,N/A,N/A,N/A
SULA11.SA,"Rua Paschoal Apostolo Pisca, no 5064 Agronomica",Florianópolis,SC,88025-255,Brazil,https://www.engie.com.br
EGIE3.SA,Fazenda São Martinho ,São Paulo,SP,14850-000,Brazil,https://www.saomartinho.com.br
TCSA3.SA,"Avenida das AmEricas, no 4200 6o pavimento, bloco 05 barra da tijuca",Rio De Janeiro,RJ,N/A,Brazil,https://www.grupotechnos.com.br
TECN3.SA,"Rua Paulo Kuehnrich, 68 Bairro Itoupava Norte",Blumenau,SC,89052-900,Brazil,https://www.teka.com.br
TEKA4.SA,"Avenida Nicola Demarchi, nº 2000 ",São Bernardo do Campo,SP,09820-655,Brazil,https://www.tegma.com.br
TGMA3.SA, ,N/A,N/A,N/A,N/A,N/A
TIMP3.SA,"Rua Olimpíadas, no 205 Conjunto 142/143 Vila Olímpia",São Paulo,SP,04551-000,Brazil,https://www.triunfo.com
TOTS3.SA,"1000, Avenida Braz Leme Santana",São Paulo,SP,02511-00,Brazil,https://www.totvs.com
TPIS3.SA,"Paulista Avenue, 37 18th floor Bela Vista",São Paulo,SP,01311-902,Brazil,https://www.trisul-sa.com.br
TRIS3.SA,"Av. das Américas, n° 2480 Block 6 sala 201 Barra da Tijuca",Rio de Janeiro,N/A,22640-101,Brazil,https://institucional.taesa.com.br/
TAEE11.SA,"Torre C – Cristal Tower Avenida das Nações Unidas, nº 14.171 andares 5º, 6º e 7º Vila Gertrudes",São Paulo,SP,04794-000,Brazil,https://www.isacteep.com.br
TRPL4.SA, ,N/A,N/A,N/A,N/A,N/A
TRPN3.SA,"Brigadeiro Luis Antônio Avenue, 1343 9th Floor",São Paulo,SP,01317-910,Brazil,https://www.ultra.com.br
UGPA3.SA,"Av. Pres Juscelino Kubitschek, 1327 22º andar",São Paulo,SP,04543-011,Brazil,https://www.unipar.com
UNIP3.SA,"Av. Pres Juscelino Kubitschek, 1327 22º andar",São Paulo,SP,04543-011,Brazil,https://www.unipar.com
UNIP6.SA,"Avenida do Contorno, 6.594 Savassi",Belo Horizonte,MG,30110-044,Brazil,https://www.usiminas.com
USIM3.SA,"Avenida do Contorno, 6.594 Savassi",Belo Horizonte,MG,30110-044,Brazil,https://www.usiminas.com
USIM5.SA,"Praia de Botafogo 186 offices 1101, 1601, 1701 and 1801 Botafogo",Rio De Janeiro,RJ,22250-145,Brazil,https://www.vale.com
TESA3.SA,Avenida Brigadeiro Faria Lima 1461 10th Floor Torre Sul,São Paulo,SP,01452-921,Brazil,https://www.viver.com.br
VALE3.SA,"Avenida Nicolas Boer, 399 5th floor, unit 502S Jardim das Perdizes",São Paulo,SP,01142-060,Brazil,https://www.tecnisa.com.br
VIVR3.SA, ,N/A,N/A,N/A,N/A,N/A
VIVT3.SA,"Avenida Engenheiro Luis Carlos Berrini 1376, 32º andar",São Paulo,SP,04571-936,Brazil,https://www.telefonica.com.br
VIVT4.SA,"Rua Laura Maiello Kook, 511 Ipanema da Pedras",Rio De Janeiro,RJ,18052-445,Brazil,https://www.valid.com
VLID3.SA, ,N/A,N/A,N/A,N/A,N/A
WEGE3.SA, ,N/A,N/A,N/A,N/A,N/A
BRSR5.SA,"Rua Capitão Montanha, 177 4th Floor",Porto Alegre,RS,N/A,Brazil,https://www.banrisul.com.br
CESP5.SA,"Avenida Prefeito Waldemar Grubba, 3300 ",Jaraguá do Sul,SC,89256-900,Brazil,https://www.weg.net/institutional/BR/en/
ELPL3.SA,"Avenida Presidente Juscelino Kubitschek 2041, Suite 281 Block A CondomInio WTORRE JK Vila Nova ConceiCAo",São Paulo,SP,04543-011,Brazil,https://www.santander.com.br
SANB4.SA, ,N/A,N/A,N/A,N/A,N/A
STBP3.SA,"413, Joaquim Floriano Street 10th floor Itaim Bibi",São Paulo,SP,04534-011,Brazil,https://www.santosbrasil.com.br
CCXC3.SA, ,N/A,N/A,N/A,N/A,N/A
CESP3.SA, ,N/A,N/A,N/A,N/A,N/A
CGRA3.SA,"Rua Valentin Grazziotin, 77 São Cristóvão",Passo Fundo,RS,99060-030,Brazil,https://www.grazziotin.com.br
CLSC4.SA,"Avenida Itamarati, nº 160 Itacorubi neighborhood",Florianópolis,SC,N/A,Brazil,https://www.celesc.com.br
COCE3.SA,"Rua Padre Valdevino, nº 150 Centro",Fortaleza,CE,N/A,Brazil,https://www.enel.com.br/pt/investidores.html
TASA3.SA,"Rua Claudio Manoel, 36 ",Belo Horizonte,MG,N/A,Brazil,https://www.cogna.com.br
COGN3.SA, ,N/A,N/A,N/A,N/A,N/A
LCAM3.SA,"Av. São Borja, 2181 Distrito Industrial",São Leopoldo,RS,93035-411,Brazil,https://www.taurusarmas.com.br
RADL3.SA,"Rodovia BR 470, Km 212, 930 ",Bento Gonçalves,RS,95707-540,Brazil,https://www.unicasamoveis.com.br
UCAS3.SA,"Av. Corifeu de Azevedo Marques, 3097 ButantA",São Paulo,SP,05339-900,Brazil,https://www.rd.com.br
ALUP11.SA,"Rua Gomes de Carvalho, 1.996 16th floor Vila Olimpia",São Paulo,SP,04547-006,Brazil,https://www.alupar.com.br
ANIM3.SA,"Banco do Brasil Building, Asa Norte Lot B, 3rd Floor Quadra 05, Torre Sul Setor de Autarquias Norte",Brasília,DF,N/A,Brazil,https://www.bbseguridaderi.com.br
BBSE3.SA,"HARMONIA STREET, 1250 VILA MADALENA",São Paulo,SP,05443-001,Brazil,https://www.animaeducacao.com.br
BSEV3.SA, ,N/A,N/A,N/A,N/A,N/A
CPRE3.SA, ,N/A,N/A,N/A,N/A,N/A
CVCB3.SA, ,N/A,N/A,N/A,N/A,N/A
LINX3.SA,"Rua da Catequese, 227 11º andar sala 111",Santo André,SP,09080-370,Brazil,https://www.cvc.com.br
SEER3.SA, ,N/A,N/A,N/A,N/A,N/A
SMLS3.SA,Rua Treze de Maio nº 254 Santo Amaro,Recife,PE,50100-160,Brazil,https://www.sereducacional.com
TUPY3.SA,"Rua Albano Schmidt, 3400 Bairro Boa vista",Joinville,SC,89227-901,Brazil,https://www.tupy.com.br
SQIA3.SA,"Avenida Brigadeiro Faria Lima, 3600 3rd, 4th and 5th Floors Itaim Bibi",São Paulo,SP,04538-132,Brazil,https://www.klabin.com.br
BIOM3.SA,705 – Lagoa dos Ingleses Avenida Regent Alphaville,Nova Lima,MG,34018-000,Brazil,https://www.biomm.com
KLBN11.SA,"Rua Arnaldo, 388 ",Barueri,SP,06415-110,Brazil,https://www.nutriplant.com.br
NUTR3.SA,Avenida Presidente Vargas nº 800 ,Belém,PA,66017-901,Brazil,https://www.bancoamazonia.com.br
BAZA3.SA, ,N/A,N/A,N/A,N/A,N/A
HGBS11.SA,Avenida Presidente Juscelino; Torre IV - 7º andar - Itaim Bibi Kubitschek,Sao Paulo,SP,1830,Brazil,N/A
HGPO11.SA, ,N/A,N/A,N/A,N/A,N/A
MBRF11.SA, ,N/A,N/A,N/A,Brazil,N/A
TCNO3.SA,Avenida Presidente Juscelino; Torre IV - 7º andar - Itaim Bibi Kubitschek,Sao Paulo,SP,1830,Brazil,https://www.cshg.com.br/site/publico/imob/imob2.seam
ABCP11.SA,Avenida Roque Petroni Jr 999 Andar 10,Sao Paulo,N/A,N/A,Brazil,https://www.vam.com.br/web/site/bb_progressivoII/pt/index.html
RBED11.SA,Avenida Roque Petroni Jr 999 Andar 10,Sao Paulo,N/A,N/A,Brazil,N/A
BBPO11.SA,Avenida Paulista 1111 2 Andar Parte Bela Vista Bela Vista,Sao Paulo,SP,1311920,Brazil,N/A
BBRC11.SA, ,N/A,N/A,N/A,N/A,N/A
BBVJ11.SA,Paulista Ave. no. 1294 4th Floor,São Paulo,SP,N/A,Brazil,N/A
BPFF11.SA,"Av. Chedid Jafet, 222 Bloco B, 3rd floor Vila Olimpia",Sao Paulo,SP,04551-065,Brazil,N/A
BRCR11.SA,"Av. Brigadeiro Faria Lima, 3477 ",Sao Paulo,SP,04538-133,Brazil,https://www.bcfund.com.br/bcfund/web/conteudo_en.asp?idioma=1&conta=44&tipo=47091
CTXT11.SA,SBS s/n Qd 4 Lts 3/4 Ed Sede Asa Sul,Brasilia,DF,70092-900,Brazil,N/A
CXTL11.SA, ,N/A,N/A,N/A,Brazil,N/A
EURO11.SA,"Avenida Chedid Jafet 222 Andar 3, Bloco B",Sao Paulo,N/A,N/A,Brazil,N/A
RCRB11.SA, ,N/A,N/A,N/A,Brazil,N/A
FIGS11.SA,SBS s/n Qd 4 Lts 3/4 Ed Sede Asa Sul,Brasilia,DF,70092-900,Brazil,N/A
FIXX11.SA, ,N/A,N/A,N/A,Brazil,N/A
FLMA11.SA, ,N/A,N/A,N/A,N/A,N/A
FPAB11.SA,Avenida Brigadeiro Faria Lima 3900 Andar 6,Sao Paulo,N/A,N/A,Brazil,N/A
HMOC11.SA,Avenida Presidente Juscelino; Torre IV - 7º andar - Itaim Bibi Kubitschek,Sao Paulo,SP,1830,Brazil,https://www.cshg.com.br/site/publico/imob/imob.seam
HGCR11.SA, ,N/A,N/A,N/A,Brazil,N/A
HGLG11.SA, ,N/A,N/A,N/A,Brazil,N/A
HGRE11.SA,Avenida Presidente Juscelino; Torre IV - 7º andar - Itaim Bibi Kubitschek,Sao Paulo,SP,1830,Brazil,N/A
JSRE11.SA, ,N/A,N/A,N/A,Brazil,N/A
KNCR11.SA, ,N/A,N/A,N/A,Brazil,N/A
KNRE11.SA, ,N/A,N/A,N/A,Brazil,N/A
KNRI11.SA,Avenida Paulista 1111 2 Andar Parte Bela Vista Bela Vista,Sao Paulo,SP,1311920,Brazil,N/A
MXRF11.SA,"Avenida Chedid Jafet 222 Andar 3, Bloco B",Sao Paulo,N/A,N/A,Brazil,N/A
ONEF11.SA, ,N/A,N/A,N/A,Brazil,N/A
PQDP11.SA, ,N/A,N/A,N/A,N/A,N/A
PRSV11.SA,"Cidade de Deus, S/N Andar 4o Vila Yara",Osasco,SP,N/A,Brazil,N/A
RBBV11.SA,Avenida Paulista 1111 2 Andar Parte Bela Vista Bela Vista,Sao Paulo,SP,1311920,Brazil,N/A
RBCB11.SA,SBS s/n Qd 4 Lts 3/4 Ed Sede Asa Sul,Brasilia,DF,70092-900,Brazil,N/A
RBGS11.SA,Avenida Roque Petroni Jr 999 Andar 10,Sao Paulo,N/A,N/A,Brazil,N/A
RBRD11.SA,"Avenida Chedid Jafet 222 Andar 3, Bloco B",Sao Paulo,N/A,N/A,Brazil,N/A
RBVO11.SA, ,N/A,N/A,N/A,N/A,N/A
RDES11.SA,Avenida Roque Petroni Jr 999 Andar 10,Sao Paulo,N/A,N/A,Brazil,N/A
RNDP11.SA, ,N/A,N/A,N/A,N/A,N/A
RNGO11.SA,Avenida Paulista 1111 2 Andar Parte Bela Vista Bela Vista,Sao Paulo,SP,1311920,Brazil,N/A
SAAG11.SA, ,N/A,N/A,N/A,N/A,N/A
SDIL11.SA, ,N/A,N/A,N/A,Brazil,N/A
SHPH11.SA, ,N/A,N/A,N/A,N/A,N/A
SPTW11.SA, ,N/A,N/A,N/A,N/A,N/A
TBOF11.SA, ,N/A,N/A,N/A,Brazil,N/A
TRXL11.SA, ,N/A,N/A,N/A,N/A,N/A
VLOL11.SA,Rua Amauri 255 8th Floor,Sao Paulo,SP,01448-000,Brazil,N/A
VRTA11.SA, ,N/A,N/A,N/A,N/A,N/A
XPCM11.SA,Avenida Paulista 1111 2 Andar Parte Bela Vista Bela Vista,Sao Paulo,SP,1311920,Brazil,https://www.riobravo.com.br/EstrategiasInvestimento/Paginas/FII-XPCorporateMacaeFII.ASPX
XTED11.SA, ,N/A,N/A,N/A,N/A,N/A
SANB3.SA,"Avenida Presidente Juscelino Kubitschek 2041, Suite 281 Block A CondomInio WTORRE JK Vila Nova ConceiCAo",São Paulo,SP,04543-011,Brazil,https://www.santander.com.br
SEDU3.SA,"Rodovia RS 122, KM 66, nº 10.945 Bairro Forqueta",Caxias Do Sul,RS,95115-550,Brazil,https://ri.fras-le.com.br
FRAS3.SA,Rua Funchal No.418 3rd floor Bairro Vila Olímpia,Sao Paulo,SP,04551-060,Brazil,https://www.paranapanemaenergia.com.br
GEPA4.SA,Rodovia Anhanguera SP 330 Km 298 Distrito Industrial,Cravinhos,SP,14140-000,Brazil,https://www.ourofinosaudeanimal.com
OFSA3.SA, ,N/A,N/A,N/A,N/A,N/A
RLOG3.SA, ,N/A,N/A,N/A,N/A,N/A
TOYB3.SA, ,N/A,N/A,N/A,N/A,N/A
AAPL34.SA,100 Abbott Park Road Abbott Park,North Chicago,IL,60064-6400,United States,https://www.abbott.com
ABTT34.SA,One Apple Park Way ,Cupertino,CA,95014,United States,https://www.apple.com
AMGN34.SA,410 Terry Avenue North ,Seattle,WA,98109-5210,United States,https://www.aboutamazon.com
AMZO34.SA,200 Vesey Street ,New York,NY,10285,United States,https://www.americanexpress.com
ARMT34.SA,3555 Farnam Street ,Omaha,NE,68131,United States,https://www.berkshirehathaway.com
ATTB34.SA,208 South Akard Street ,Dallas,TX,75202,United States,https://www.att.com
AXPB34.SA,5205 North O'Connor Boulevard Suite 100,Irving,TX,75039,United States,https://www.caterpillar.com
BERK34.SA,"24-26, Boulevard d’Avranches ",Luxembourg City,N/A,1160,Luxembourg,https://corporate.arcelormittal.com
BOAC34.SA,Bank of America Corporate Center 100 North Tryon Street,Charlotte,NC,28255,United States,https://www.bankofamerica.com
CATP34.SA,One Coca-Cola Plaza ,Atlanta,GA,30313,United States,https://www.coca-colacompany.com
CMCS34.SA,One Comcast Center 1701 JFK Boulevard,Philadelphia,PA,19103-2838,United States,https://corporate.comcast.com
COCA34.SA,500 South Buena Vista Street ,Burbank,CA,91521,United States,https://www.thewaltdisneycompany.com
CSCO34.SA,170 West Tasman Drive ,San Jose,CA,95134-1706,United States,https://www.cisco.com
DISB34.SA,22777 Springwoods Village Parkway ,Spring,TX,77389-1425,United States,https://corporate.exxonmobil.com
EXXO34.SA,1 Neumann Way ,Evendale,OH,45215,United States,https://www.geaerospace.com
FDMO34.SA,One American Road ,Dearborn,MI,48126,United States,https://www.ford.com
GEOO34.SA,200 West Street ,New York,NY,10282,United States,https://www.goldmansachs.com
GSGI34.SA,2455 Paces Ferry Road ,Atlanta,GA,30339,United States,https://www.homedepot.com
HALI34.SA,3000 North Sam Houston Parkway East ,Houston,TX,77032,United States,https://www.halliburton.com
HOME34.SA,One Johnson & Johnson Plaza ,New Brunswick,NJ,08933,United States,https://www.jnj.com
HPQB34.SA,1501 Page Mill Road ,Palo Alto,CA,94304,United States,https://www.hp.com
ITLC34.SA,2200 Mission College Boulevard ,Santa Clara,CA,95054-1549,United States,https://www.intel.com
JNJB34.SA,383 Madison Avenue ,New York,NY,10179,United States,https://www.jpmorganchase.com
JPMC34.SA,6801 Rockledge Drive ,Bethesda,MD,20817,United States,https://www.lockheedmartin.com
LMTB34.SA,3M Center ,Saint Paul,MN,55144-1000,United States,https://www.3m.com
MMMC34.SA,126 East Lincoln Avenue ,Rahway,NJ,07065,United States,https://www.merck.com
MRCK34.SA,One Microsoft Way ,Redmond,WA,98052-6399,United States,https://www.microsoft.com
MSCD34.SA,2000 Purchase Street ,Purchase,NY,10577,United States,https://www.mastercard.com
MSFT34.SA,One Bowerman Drive ,Beaverton,OR,97005-6453,United States,https://www.nike.com
NIKE34.SA,2300 Oracle Way ,Austin,TX,78741,United States,https://www.oracle.com
ORCL34.SA,66 Hudson Boulevard East ,New York,NY,10001-2192,United States,https://www.pfizer.com
PFIZ34.SA,2401 Utah Avenue South ,Seattle,WA,98134,United States,https://www.starbucks.com
PGCO34.SA,1095 Avenue of the Americas ,New York,NY,10036,United States,https://www.verizon.com
SBUB34.SA,One Procter & Gamble Plaza ,Cincinnati,OH,45202,United States,https://www.pginvestor.com
VERZ34.SA,702 South West 8th Street ,Bentonville,AR,72716,United States,https://corporate.walmart.com
VISA34.SA,420 Montgomery Street ,San Francisco,CA,94104,United States,https://www.wellsfargo.com
WALM34.SA, ,N/A,N/A,N/A,N/A,N/A
WFCO34.SA,PO Box 8999 ,San Francisco,CA,94128-8999,United States,https://www.visa.com
WIZS3.SA,One Amgen Center Drive ,Thousand Oaks,CA,91320-1799,United States,https://www.amgen.com
BOEI34.SA,6001 Bollinger Canyon Road ,San Ramon,CA,94583-2324,United States,https://www.chevron.com
CHVX34.SA,925 North Eldridge Parkway ,Houston,TX,77079-2703,United States,https://www.conocophillips.com
COPH34.SA,One New Orchard Road ,Armonk,NY,10504,United States,https://www.ibm.com
CTGP34.SA,Lilly Corporate Center ,Indianapolis,IN,46285,United States,https://www.lilly.com
FBOK34.SA, ,N/A,N/A,N/A,N/A,N/A
IBMB34.SA,110 North Carpenter Street ,Chicago,IL,60607,United States,https://www.mcdonalds.com
LILY34.SA,388 Greenwich Street ,New York,NY,10013,United States,https://www.citigroup.com
MCDC34.SA,1585 Broadway ,New York,NY,10036,United States,https://www.morganstanley.com
MFII11.SA,"Av. Paulista, 2.439 - 11Ã‚Âº Andar Jardim Paulista",Sao Paulo,SP,01311-300,Brazil,N/A
MSBR34.SA,700 Anderson Hill Road ,Purchase,NY,10577,United States,https://www.pepsico.com
NFLX34.SA,121 Albright Way ,Los Gatos,CA,95032,United States,https://www.netflix.com
PEPB34.SA,"55 Glenlake Parkway, N.E. ",Atlanta,GA,30328,United States,https://www.ups.com
SLBG34.SA,5599 San Felipe 17th Floor,Houston,TX,77056,United States,https://www.slb.com
UPSS34.SA,Rua Lemos Monteiro no 120 ButantA,São Paulo,SP,N/A,Brazil,https://ri.riachuelo.com.br
USBC34.SA,240 Greenwich Street ,New York,NY,10286,United States,https://www.bnymellon.com
GUAR3.SA,1 Grand Canal Square Grand Canal Harbour,Dublin,N/A,D02 P820,Ireland,https://www.accenture.com
ACNB34.SA,800 Nicollet Mall ,Minneapolis,MN,55402,United States,https://www.usbank.com
BONY34.SA,"2200 Pennsylvania Avenue, North West Suite 800 West",Washington,DC,20037-1701,United States,https://www.danaher.com
DHER34.SA,"Avenida ACaI, 875 Bloco C Industrial District",Manaus,AM,69075-020,Brazil,https://grupogradiente.com.br
IGBR3.SA,200 Park Avenue ,New York,NY,10166-0188,United States,https://www.metlife.com
KMBB34.SA,1000 Nicollet Mall ,Minneapolis,MN,55403,United States,https://corporate.target.com
METB34.SA,"Administrative Building 1 1st floor - room 6 Rua Olympia Semeraro, 675 Bairro Jardim Santa EmÃ­lia",São Paulo,SP,04183-090,Brazil,https://www.whirlpool.com.br
TELB4.SA,"Edifício Capital Financial Center SIG Qd. 4, Bl. A, 3rd Floor",Brasilia,DF,70610-440,Brazil,https://www.telebras.com.br
TGTB34.SA,PO Box 619100 ,Dallas,TX,75261-9100,United States,https://www.kimberly-clark.com
WHRL3.SA, ,N/A,N/A,N/A,N/A,N/A
AVON34.SA,Route 206 & Province Line Road ,Princeton,NJ,08543,United States,https://www.bms.com
BMYB34.SA,2025 Hamilton Avenue ,San Jose,CA,95125,United States,https://www.ebayinc.com
COLG34.SA,300 Park Avenue ,New York,NY,10022-7499,United States,https://www.colgatepalmolive.com
COTY34.SA,350 Fifth Avenue ,New York,NY,10118,United States,https://www.coty.com
EBAY34.SA,11011 Sunset Hills Road ,Reston,VA,20190,United States,https://www.gd.com
FCXO34.SA,333 North Central Avenue ,Phoenix,AZ,85004-2189,United States,https://fcx.com
FDXB34.SA,942 South Shady Grove Road ,Memphis,TN,38120,United States,https://www.fedex.com
GDBR34.SA,929 Long Bridge Drive ,Arlington,VA,22202,United States,https://www.boeing.com
HSHY34.SA,19 East Chocolate Avenue ,Hershey,PA,17033,United States,https://www.thehersheycompany.com
MDLZ34.SA,905 West Fulton Market Suite 200,Chicago,IL,60607,United States,https://www.mondelezinternational.com
MOSC34.SA,101 East Kennedy Boulevard Suite 2500,Tampa,FL,33602,United States,https://www.mosaicco.com
QCOM34.SA,12500 TI Boulevard ,Dallas,TX,75243,United States,https://www.ti.com
TEXA34.SA,5775 Morehouse Drive ,San Diego,CA,92121-1714,United States,https://www.qualcomm.com
TIFF34.SA,7001 East Belleview Avenue ,Denver,CO,80237,United States,https://www.westernunion.com
UTEC34.SA,"Rua Dona Francisca 6901 A, Distrito Industrial",Joinville,SC,89219-600,Brazil,https://www.schulz.com.br
WUNI34.SA,201 Merritt 7 P.O. Box 4505,Norwalk,CT,06851-1056,United States,https://www.xerox.com
XRXB34.SA,"R. Messías Pereira De Paula, 333 Jardim Eltonville",Sorocaba,SP,18046-640,Brazil,https://www.atompar.com.br
SHUL4.SA,One PPG Place ,Pittsburgh,PA,15222,United States,https://www.kraftheinzcompany.com
ATOM3.SA, ,N/A,N/A,N/A,N/A,N/A
KHCB34.SA, ,N/A,N/A,N/A,N/A,N/A
TIET11.SA, ,N/A,N/A,N/A,N/A,N/A
SAPR4.SA,"Rua Engenheiros Reboucas, 1376 Reboucas",Curitiba,PR,80215-900,Brazil,https://www.sanepar.com.br
CRIV4.SA,Alameda Santos no 466 1o Andar Cerqueira CEsar,São Paulo,SP,01418-000,Brazil,https://wwws.financeiraalfa.com.br
RPMG3.SA,"Rua Capitão Montanha, 177 4th Floor",Porto Alegre,RS,N/A,Brazil,https://www.banrisul.com.br
BRSR3.SA,Praça Rui Barbosa 80 ,Cataguases,MG,36770-901,Brazil,https://www.energisa.com.br
DOMC11.SA, ,N/A,N/A,N/A,N/A,N/A
ENGI11.SA,"Avenida Brasil, 3141 Benfica",Rio De Janeiro,RJ,20930-041,Brazil,https://refit.com.br
SNSY5.SA,"Rodovia REgis Bittencourt, 4981 Km 280, Gramado",Embu Das Artes,SP,06830-900,Brazil,https://sansuy.com.br
DMMO3.SA, ,N/A,N/A,N/A,N/A,N/A
ABCB10.SA,"Av. Arnolfo Azevedo, 210 ",Pacaembu,SP,01236-030,Brazil,https://www.baumer.com.br
ANIM3T.SA, ,N/A,N/A,N/A,N/A,N/A
AZEV4.SA,Rua Vicente AntOnio de Oliveira 1050 ,São Paulo,SP,N/A,Brazil,https://www.azevedotravassos.com.br
BAHI3.SA,"Av. Antonio Bardella, 525 ",Guarulhos,SP,07220-902,Brazil,https://www.bardella.com.br
BALM4.SA,"Avenida Cidade Jardim, 803 2nd floor Itaim Bibi",São Paulo,SP,01453-000,Brazil,https://www.abcbrasil.com.br
BAUH4.SA,"Barão do Arroio Grande, 192 Bairro Arroio Grande",Santa Cruz Do Sul,RS,96830-504,Brazil,https://www.excelsior.com.br
BDLL4.SA,"Av. Princesa Isabel 574 - Ed. Palas Ctr Block B, 9th floor Center",Vitória,ES,29010-930,Brazil,https://www.ri.banestes.com.br
BEES3.SA,"Av. Princesa Isabel 574 - Ed. Palas Ctr Block B, 9th floor Center",Vitória,ES,29010-930,Brazil,https://www.ri.banestes.com.br
BEES4.SA,"Rua OlImpio de Sousa Campos Junior, 31 InAcio Barbosa",Aracaju,SE,49040-840,Brazil,https://www.banese.com.br
BGIP4.SA,Av. Brigadeiro Faria Lima 1656 - 9º andar Jardim Paulistano,São Paulo,SP,01451-918,Brazil,https://www.bahema.com.br
BMEB3.SA,654 Rua Rio de Janeiro Street ,Belo Horizonte,MG,30160-041,Brazil,https://www.bancomercantil.com.br
BMEB4.SA,654 Rua Rio de Janeiro Street ,Belo Horizonte,MG,30160-041,Brazil,https://www.bancomercantil.com.br
BMIN3.SA,"Rua Rio de Janeiro, No. 654 9th Floor",Belo Horizonte,MG,N/A,Brazil,https://www.bancobmi.com.br
BMIN4.SA,Rua Alexandre Dumas ,São Paulo,SP,13347-370,Brazil,https://www.monark.com.br
BMKS3.SA,"Avenida Dr. Silas Munguba, no 5700 PO Box 628 Passare",Fortaleza,CE,60743-902,Brazil,https://www.bnb.gov.br
BNBR3.SA,"Alameda Santos, 466 4th Floor Cerqueira CEsar",São Paulo,SP,N/A,Brazil,https://bancoalfa.com.br
BOBR4.SA,"Via Anchieta, Km 14 S/N - Bairro Rudge Ramos Distrito Industrial",São Bernardo do Campo,SP,09696-000,Brazil,https://www.bombril.com.br
BRIV3.SA,"Alameda Santos, 466 4th Floor Cerqueira CEsar",São Paulo,SP,N/A,Brazil,https://bancoalfa.com.br
BRIV4.SA,"Rua Rio de Janeiro, No. 654 9th Floor",Belo Horizonte,MG,N/A,Brazil,https://www.bancobmi.com.br
BSLI4.SA, ,N/A,N/A,N/A,N/A,N/A
BTTL3.SA,Avenida Edgard Santos nº 300 Narandiba,Salvador,BA,41181-900,Brazil,https://www.coelba.com.br
CBEE3.SA,CNC Business Center Block B and C ST SAUN Quadra 5 Lot C,Brasília,DF,70040-250,Brazil,https://novo.brb.com.br
CEEB3.SA,Avenida Oscar Niemeyer nº 2000 Bloco 01 Sala 701 Santo Christ,Rio De Janeiro,RJ,20220-297,Brazil,N/A
CEEB5.SA,Avenida Edgard Santos nº 300 Narandiba,Salvador,BA,41181-900,Brazil,https://www.coelba.com.br
CELP3.SA,Av. Brig Faria Lima Andar 27 Sala 01 Itaim Bibi,São Paulo,SP,04538-132,Brazil,https://www.comgas.com.br
CELP5.SA, ,N/A,N/A,N/A,N/A,N/A
CEPE5.SA, ,N/A,N/A,N/A,N/A,N/A
CGAS3.SA, ,N/A,N/A,N/A,N/A,N/A
CPRE3T.SA, ,N/A,N/A,N/A,N/A,N/A
CRIV3.SA,Alameda Santos no 466 1o Andar Cerqueira CEsar,São Paulo,SP,01418-000,Brazil,https://wwws.financeiraalfa.com.br
CRPG5.SA,Highway BA-099 Estrada do Coco KM 20 Centro Abrantes,Camaçari,BA,42829-710,Brazil,https://www.tronox-al.com.br
CRPG6.SA,Highway BA-099 Estrada do Coco KM 20 Centro Abrantes,Camaçari,BA,42829-710,Brazil,https://www.tronox-al.com.br
CSRN3.SA,"Rua Mermoz, 150 Cidade Alta",Natal,RN,N/A,Brazil,https://www.cosern.com.br
CTKA4.SA,"Avenida Lincoln Alves dos Santos, n° 955 Bairro Industrial",Montes Claros,MG,39404-005,Brazil,https://www.coteminas.com.br
CTNM3.SA,"Rua Johann Karsten, No. 260 Testo Salto",Blumenau,SC,89074-700,Brazil,https://www.karsten.com.br
CTSA3.SA,"Avenida Osmane Barbosa, No. 1.235 ",Montes Claros,MG,39404-006,Brazil,https://www.santanense.com.br
CTSA4.SA,"Avenida Osmane Barbosa, No. 1.235 ",Montes Claros,MG,39404-006,Brazil,https://www.santanense.com.br
CVCB3T.SA, ,N/A,N/A,N/A,N/A,N/A
DOHL4.SA,"Rua Arno Waldemar Döhler, nº 145 Zona Industrial Norte",Joinville,SC,89219-902,Brazil,https://www.dohler.com.br
DTCY3.SA,"Avenida dom Pedro II, 1720 Itapira",Quatro Barras,PR,83420-000,Brazil,https://dtcom.com.br
EALT4.SA, ,N/A,N/A,N/A,N/A,N/A
EKTR4.SA,"Rua Engenheiro Paul Werner, 925 Bairro Itoupava Seca",Blumenau,SC,89030-900,Brazil,https://www.altona.com.br
ELEK3.SA,"Rua Ari Antenor de Souza, 321 Jardim Nova AmErica",Campinas,SP,N/A,Brazil,https://www.elektro.com.br
EMAE4.SA,"Rua Manoel dos Santos Coimbra, nº 184 ",Cuiabá,MT,78010-150,Brazil,https://www.energisa.com.br
ENGI3.SA,"Avenida Jornalista Roberto Marinho, 85 16th Floor Cidade MonCOes",São Paulo,SP,04576-010,Brazil,https://emae.com.br
ENMT3.SA,Praça Rui Barbosa 80 ,Cataguases,MG,36770-901,Brazil,https://www.energisa.com.br
ESTR4.SA,"Avenida Eusebio Matoso, b. 1.375 7th Floor Pinheiros",São Paulo,SP,5423180,Brazil,https://www.estrela.com.br
FESA3.SA, ,N/A,N/A,N/A,N/A,N/A
FNAM11.SA, ,N/A,N/A,N/A,Brazil,N/A
FSRF11.SA, ,N/A,N/A,N/A,N/A,N/A
GPCP3.SA,"Rua Ewerton Visco, 290 Ed. Boulevard Side Empresarial 25º andar – Caminho das Árvores",Salvador,BA,41820-022,Brazil,https://www.ferbasa.com.br
HAGA4.SA,"Avenida Engenheiro Hans Gaiser, 26 Downtown",Nova Friburgo,RJ,28605-220,Brazil,https://www.haga.com.br
HBTS5.SA,"Rua do ParaIso, 148 14o andar",São Paulo,SP,04103-000,Brazil,https://www.hercules.ind.br
HETA4.SA, ,N/A,N/A,N/A,N/A,N/A
HOOT4.SA, ,N/A,N/A,N/A,N/A,N/A
IDVL3.SA,"Av. Nossa Senhora de Copacabana, n° 955 2 floor Copacabana",Rio De Janeiro,RJ,20060-001,Brazil,https://www.ciahoteisothon.com.br
JBDU3.SA,"Avenida Carlos Gomes, 651 5th Floor Bairro Boa Vista",Porto Alegre,RS,90480-003,Brazil,https://www.josapar.com.br
JBDU4.SA,"Avenida Carlos Gomes, 651 5th Floor Bairro Boa Vista",Porto Alegre,RS,90480-003,Brazil,https://www.josapar.com.br
JOPA3.SA,"Rua General João Manoel, 157 17th floor",Porto Alegre,RS,N/A,Brazil,https://www.habitasul.com.br
JOPA4.SA, ,N/A,N/A,N/A,N/A,N/A
KLBN3.SA,"Rua do Paraíso, 148 14th floor Bairro Paraíso",Sao Paulo,SP,04103-000,Brazil,https://www.mundial-sa.com.br
MEND5.SA, ,N/A,N/A,N/A,N/A,N/A
MNDL3.SA,"Avenida Brigadeiro Faria Lima, 3600 3rd, 4th and 5th Floors Itaim Bibi",São Paulo,SP,04538-132,Brazil,https://www.klabin.com.br
MNPR3.SA,"Av. Senator Alberto Pasqualini, 1535 São Cristóvão",Lajeado,RS,95913-162,Brazil,https://www.minupar.com.br
MTSA4.SA,"Rua Fritz Lorenz, 2442 Distrito Industrial PO Box 11",Timbó,SC,89120-000,Brazil,https://www.metisa.com.br
MWET4.SA,"Av. Magalhães Neto, nº 1752 11th Floor Ed. Lena Empresarial Pituba",Salvador,BA,N/A,Brazil,https://www.aliancaparticipacoes.com.br
DMMO3T.SA, ,Eldorado do Sul,RS,N/A,Brazil,https://www.dimed.com.br
PEAB4.SA,"Rua Dona Francisca, 8300 Block H",Joinville,SC,89239-270,Brazil,https://www.wetzel.com.br
PNVL3.SA, ,N/A,N/A,N/A,N/A,N/A
PNVL4.SA, ,N/A,N/A,N/A,N/A,N/A
RANI3.SA,"Edifício Joao Benjamin Zaffari Rooms 502/503 Avenida Carlos Gomes, nº 400 Bairro Boa Vista",Porto Alegre,RS,N/A,Brazil,https://irani.com.br
RANI4.SA,"Av. Luiz Pasteur, 1020 Tres Portos",Sapucaia Do Sul,RS,93212-360,Brazil,https://www.recrusul.com.br
RCSL3.SA,"Av. Luiz Pasteur, 1020 Tres Portos",Sapucaia Do Sul,RS,93212-360,Brazil,https://www.recrusul.com.br
RCSL4.SA,"Praça Rui Barbosa, 80 - Centro ",Cataguases,MG,36770-901,Brazil,https://www.energisa.com.br
REDE3.SA,"Alameda Santos, nº 466 4 Andar Cerqueira Cesar",São Paulo,SP,01418-000,Brazil,https://www.alfanet.com.br
RPAD5.SA,"Alameda Santos, nº 466 4 Andar Cerqueira Cesar",São Paulo,SP,01418-000,Brazil,https://www.alfanet.com.br
RPAD6.SA, ,N/A,N/A,N/A,N/A,N/A
SEER3T.SA,"Praia do Flamengo, nº 200 19th floor Flamengo",Rio De Janeiro,RJ,22210-901,Brazil,https://www.wlm.com.br
WLMM3.SA,"Praia do Flamengo, nº 200 19th floor Flamengo",Rio De Janeiro,RJ,22210-901,Brazil,https://www.wlm.com.br
WLMM4.SA,"R. VoluntArios da PAtria, 45 8th and 9th Floors Botafogo",Rio De Janeiro,RJ,22270-900,Brazil,https://www.sondotecnica.com.br
SLED3.SA,"Rua Henrique Schaumann, 270 ",São Paulo,SP,N/A,Brazil,https://www.saraivari.com.br
SMLS3T.SA,"R. VoluntArios da PAtria, 45 8th and 9th Floors Botafogo",Rio De Janeiro,RJ,22270-900,Brazil,https://www.sondotecnica.com.br
SOND5.SA, ,N/A,N/A,N/A,N/A,N/A
SOND6.SA, ,N/A,N/A,N/A,N/A,N/A
SPRI3.SA, ,N/A,N/A,N/A,N/A,N/A
TCNO4.SA, ,N/A,N/A,N/A,N/A,N/A
TELB3.SA,"Torre C – Cristal Tower Avenida das Nações Unidas, nº 14.171 andares 5º, 6º e 7º Vila Gertrudes",São Paulo,SP,04794-000,Brazil,https://www.isacteep.com.br
TOYB4.SA,"Edifício Capital Financial Center SIG Qd. 4, Bl. A, 3rd Floor",Brasilia,DF,70610-440,Brazil,https://www.telebras.com.br
TRPL3.SA,"Av. Pres Juscelino Kubitschek, 1327 22º andar",São Paulo,SP,04543-011,Brazil,https://www.unipar.com
UNIP5.SA, ,N/A,N/A,N/A,N/A,N/A
USIM6.SA,"Administrative Building 1 1st floor - room 6 Rua Olympia Semeraro, 675 Bairro Jardim Santa EmÃ­lia",São Paulo,SP,04183-090,Brazil,https://www.whirlpool.com.br
VULC3.SA,"Avenida do Contorno, 6.594 Savassi",Belo Horizonte,MG,30110-044,Brazil,https://www.usiminas.com
VVAR3.SA,"Av. Brigadeiro Faria Lima, 3477 ",São Paulo,SP,04538-133,Brazil,N/A
WHRL4.SA, ,N/A,N/A,N/A,N/A,N/A
ALMI11.SA, ,N/A,N/A,N/A,N/A,N/A
ANCR11B.SA,"Av. Antônio Frederico Ozanan, 1440 ",Jundiaí,SP,13219-001,Brazil,https://www.vulcabrasri.com
ATSA11B.SA, ,N/A,N/A,N/A,N/A,N/A
BBFI11B.SA,SBS – Setor Bancário Sul Quadra 1,Brasilia,DF,N/A,Brazil,https://www.vam.com.br/web/export/sites/vam/bb_progressivoII/pt/fundo/prospecto.pdf
BCFF11.SA, ,N/A,N/A,N/A,Brazil,N/A
BMLC11B.SA,"Av. Brigadeiro Faria Lima, 3477 ",São Paulo,SP,04538-133,Brazil,N/A
CEOC11.SA, ,N/A,N/A,N/A,N/A,N/A
CNES11.SA, ,N/A,N/A,N/A,N/A,N/A
MRSA6BF.SA, ,N/A,N/A,N/A,Brazil,N/A
CPTS11B.SA,"Avenida Chedid Jafet 222 Andar 3, Bloco B",Sao Paulo,N/A,N/A,Brazil,N/A
CXCE11B.SA,"Av. Das Americas, 3434 block 7, 2 andar Barra da Tijuca",Rio de Janeiro,RJ,22640-102,Brazil,N/A
DRIT11B.SA,"Praia do Botafogo, 501 ",Rio de Janeiro,RJ,22250-040,Brazil,N/A
EDFO11B.SA,SBS s/n Qd 4 Lts 3/4 Ed Sede Asa Sul,Brasilia,DF,70092-900,Brazil,N/A
EDGA11.SA, ,N/A,N/A,N/A,N/A,N/A
ENMA3B.SA,"Av. Brigadeiro Faria Lima, 3477 ",Sao Paulo,SP,04538-133,Brazil,N/A
FAED11.SA,"Av. Brigadeiro Faria Lima, 3477 ",São Paulo,SP,04538-133,Brazil,N/A
FAMB11B.SA, ,N/A,N/A,N/A,N/A,N/A
FCFL11.SA,"Av. Das Americas, 3434 block 7, 2 andar Barra da Tijuca",Rio de Janeiro,RJ,22640-102,Brazil,N/A
FEXC11.SA,"Av. Brigadeiro Faria Lima, 3477 ",São Paulo,SP,04538-133,Brazil,N/A
FIIP11B.SA,"Av. Brigadeiro Faria Lima, 3477 ",São Paulo,SP,04538-133,Brazil,N/A
FLRP11.SA,"Av. Brigadeiro Faria Lima, 3477 ",São Paulo,SP,04538-133,Brazil,N/A
FVBI11.SA,"Av. Brigadeiro Faria Lima, 3477 ",São Paulo,SP,04538-133,Brazil,N/A
HCRI11.SA, ,N/A,N/A,N/A,N/A,N/A
HTMX11.SA,"Av. Brigadeiro Faria Lima, 3477 ",São Paulo,SP,04538-133,Brazil,https://www.ourinvest.com.br/pt/fundos-imobiliarios/fii-torre-norte
JRDM11.SA, ,N/A,N/A,N/A,Brazil,N/A
MAXR11.SA, ,N/A,N/A,N/A,N/A,N/A
NSLU11.SA,1 North Waukegan Road ,North Chicago,IL,60064-6400,United States,https://www.abbvie.com
TRNT11.SA,201 Isabella Street Suite 200,Pittsburgh,PA,15212-5872,United States,https://www.howmet.com
WPLZ11B.SA, ,N/A,N/A,N/A,Brazil,N/A
ARNC34.SA,7601 Penn Avenue South ,Richfield,MN,55423,United States,https://corporate.bestbuy.com
ABBV34.SA,225 Binney Street ,Cambridge,MA,02142,United States,https://www.biogen.com
BBYY34.SA,50 Hudson Yards ,New York,NY,10001,United States,https://www.blackrock.com
BCRI11.SA, ,N/A,N/A,N/A,N/A,N/A
BIIB34.SA, ,N/A,N/A,N/A,N/A,N/A
BLAK34.SA,Rua Amauri 255 8th Floor,Sao Paulo,SP,01448-000,Brazil,N/A
CHKE34.SA,999 Lake Drive ,Issaquah,WA,98027,United States,https://www.costco.com
COWC34.SA,300 Frank West Burr Boulevard ,Teaneck,NJ,07666,United States,https://www.cognizant.com
CTSH34.SA, ,N/A,N/A,N/A,Brazil,N/A
CVSH34.SA,One CVS Drive ,Woonsocket,RI,02895,United States,https://www.cvshealth.com
CXRI11.SA,PO Box 20706 ,Atlanta,GA,30320-6001,United States,https://www.delta.com
DEAI34.SA,350 West Washington Street Suite 600,Tempe,AZ,85288,United States,https://www.firstsolar.com
FSLR34.SA,1600 Amphitheatre Parkway ,Mountain View,CA,94043,United States,https://abc.xyz
GILD34.SA,333 Lakeside Drive ,Foster City,CA,94404,United States,https://www.gilead.com
GOGL34.SA,Two Folsom Street ,San Francisco,CA,94105,United States,https://www.gapinc.com
GOGL35.SA,151 West 34th Street ,New York,NY,10001,United States,https://www.macysinc.com
GPSI34.SA,1600 Amphitheatre Parkway ,Mountain View,CA,94043,United States,https://abc.xyz
JCPC34.SA,Turmstrasse 30 ,Steinhausen,N/A,6312,Switzerland,https://www.deepwater.com
MACY34.SA,20 On Hatch Lower Hatch Street,Dublin,N/A,2,Ireland,https://www.medtronic.com
MDTC34.SA,5130 Hacienda Drive ,Dublin,CA,94568-7579,United States,https://www.rossstores.com
RIGG34.SA, ,N/A,N/A,N/A,N/A,N/A
ROST34.SA,3000 Schwab Way ,Westlake,TX,76262,United States,https://www.schwab.com
SANC34.SA, ,N/A,N/A,N/A,N/A,N/A
SCHW34.SA,168 Third Avenue ,Waltham,MA,02451,United States,https://www.thermofisher.com
SPRN34.SA,600 Grant Street ,Pittsburgh,PA,15219-2800,United States,https://www.ussteel.com
SSFO34.SA,Salesforce Tower 3rd Floor 415 Mission Street,San Francisco,CA,94105,United States,https://www.salesforce.com
TMOS34.SA,485 Lexington Avenue ,New York,NY,10017,United States,https://www.travelers.com
TRVC34.SA, ,N/A,N/A,N/A,N/A,N/A
USSX34.SA,One Valero Way ,San Antonio,TX,78249,United States,https://www.valero.com
VLOE34.SA,Av. Pres. Juscelino Kubitschek ,São Paulo,SP,1830,Brazil,https://www.allianca.com
WSON33.SA,"Rua OlImpio de Sousa Campos Junior, 31 InAcio Barbosa",Aracaju,SE,49040-840,Brazil,https://www.banese.com.br
AALR3.SA, ,N/A,N/A,N/A,Brazil,N/A
AFLT3.SA, ,N/A,N/A,N/A,N/A,N/A
BGIP3.SA,"AEON Efficient Office Building SGAN Block 601, Block H Rooms SEMI Underground 004SE to 019SE Asa Norte",Brasília,DF,70830-010,Brazil,https://www.ceb.com.br
BNFS11.SA, ,N/A,N/A,N/A,Brazil,N/A
CBOP11.SA,"Praia do Flamengo, 78 1st Floor Flamengo",Rio De Janeiro,RJ,N/A,Brazil,https://www.afluentet.com.br
CEBR3.SA, ,N/A,N/A,N/A,N/A,N/A
CEDO3.SA, ,N/A,N/A,N/A,Brazil,N/A
ESUD11.SA, ,N/A,N/A,N/A,Brazil,N/A
ESUT11.SA, ,N/A,N/A,N/A,Brazil,N/A
FIIB11.SA, ,N/A,N/A,N/A,Brazil,N/A
FIVN11.SA, ,N/A,N/A,N/A,N/A,N/A
FMOF11.SA, ,N/A,N/A,N/A,Brazil,N/A
FNOR11.SA,"Andrade Office Building - 1st Floor Lote 6, no 450, Rooms 21 and 22 Avenida C, Quadra A-48 Jardim GoiAs",Goiânia,GO,74805-070,Brazil,https://www.celgpar.com
FSPE11.SA, ,N/A,N/A,N/A,N/A,N/A
FSTU11.SA,"Praça Tiradentes, 10 - Room 304 Downtown",Rio De Janeiro,RJ,20060-070,Brazil,https://www.cemepe.com.br
GPAR3.SA,"Rua Lauro Muller 116, 24º block, room 2403 parte Botafogo",Rio De Janeiro,RJ,22290-160,Brazil,https://www.mmx.com.br
GRLV11.SA, ,N/A,N/A,N/A,Brazil,N/A
MAPT3.SA,"Rua Lauro Muller, nº 116 salas 701, 702 e 703",Rio de Janeiro,RJ,22290-160,Brazil,https://www.brkbdtvm.com.br/fundos_detalhes.aspx?codigo=11
MMXM11.SA,"Av. Das Americas, 3434 block 7, 2 andar Barra da Tijuca",Rio de Janeiro,RJ,22640-102,Brazil,N/A
PABY11.SA,"Rudolfo Vontobel Street, 600 Industrial District",Gravataí,RS,94045-405,Brazil,https://www.panatlantica.com.br
PATI4.SA, ,N/A,N/A,N/A,Brazil,N/A
PLRI11.SA, ,N/A,N/A,N/A,N/A,N/A
PORD11.SA, ,N/A,N/A,N/A,Brazil,N/A
RBDS11.SA,"Alameda Santos, nº 466 4 Andar Cerqueira Cesar",São Paulo,SP,01418-000,Brazil,https://www.alfanet.com.br
RPAD3.SA, ,N/A,N/A,N/A,N/A,N/A
SCPF11.SA, ,N/A,N/A,N/A,N/A,N/A
VSPT3.SA,1271 Avenue of the Americas ,New York,NY,10020,United States,https://www.aig.com
XPOM11.SA,525 South Tryon Street ,Charlotte,NC,28202,United States,https://www.duke-energy.com
POMO10.SA,Rua Dr. Renato Paes de Barros nº 1017 9th Floor,São Paulo,SP,04530-001,Brazil,https://ri.movida.com.br
AIGB34.SA, ,N/A,N/A,N/A,N/A,N/A
DUKB34.SA,"Praia de Botafogo, 501 – 5 Andar Torre Corcovado",Rio De Janeiro,RJ,N/A,Brazil,https://www.btgpactual.com.br
MOVI3.SA,1 Skyview Drive ,Fort Worth,TX,76155,United States,https://www.aa.com
PARD3.SA,300 Renaissance Center ,Detroit,MI,48265-3000,United States,https://www.gm.com
BPAC11.SA,"Avenida Brigadeiro Faria Lima, 3.477 14th Floor",Sao Paulo,SP,04538-133,Brazil,https://www.pplaparticipations.com
PPLA11.SA,"Rua Paraíba, no. 330, 9th Floor Bairro Escritores",Belo Horizonte,MG,30130-917,Brazil,https://www.cedro.com.br
AALL34.SA, ,N/A,N/A,N/A,N/A,N/A
GMCO34.SA, ,N/A,N/A,N/A,N/A,N/A
LBRN34.SA,"Av. Roque Petroni Junior, 850 14th floor Torre Jaceru Jardim das Acácias",São Paulo,SP,N/A,Brazil,https://www.renovaenergia.com.br
TWTR34.SA,1400 Douglas Street ,Omaha,NE,68179,United States,https://www.up.com
UPAC34.SA,"Av. Marcos Penteado de Ulhôa Rodrigues n. 939, 8th floor Edifício Jatobá CondomÃ­nio Castelo Branco Office Park Tamboré",Barueri,SP,N/A,Brazil,https://www.voeazul.com.br/ir
RNEW3.SA, ,N/A,N/A,N/A,Brazil,N/A
RNEW4.SA,"Rua Boa Vista, 280 ",São Paulo,SP,01010-001,Brazil,https://www.tenda.com
AZUL4.SA,"Av. Roque Petroni Junior, 850 14th floor Torre Jaceru Jardim das Acácias",São Paulo,SP,N/A,Brazil,https://www.renovaenergia.com.br
KNIP11.SA, ,N/A,N/A,N/A,N/A,N/A
TEND3.SA,1 Tesla Road ,Austin,TX,78725,United States,https://www.tesla.com
TSLA34.SA, ,N/A,N/A,N/A,N/A,N/A
CRFB3.SA, ,N/A,N/A,N/A,N/A,N/A
GBIO33.SA,"Av. Morvan Dias de Figueiredo, nº 6.169 Vila Maria",São Paulo,SP,02170-901,Brazil,https://www.atacadao.com.br
OMGE3.SA, ,N/A,N/A,N/A,N/A,N/A
IRBR3.SA,Avenida Marechal Câmara 171-Castelo,Rio de Janeiro,RJ,20020-901,Brazil,https://www.irbre.com
GGRC11.SA,Rua Gomes de Carvalho 1195 – 4º Andar Vila Olímpia,Sao Paulo,N/A,04547-004,Brazil,N/A
GEPA3.SA,"Rua Engenheiros Reboucas, 1376 Reboucas",Curitiba,PR,80215-900,Brazil,https://www.sanepar.com.br
SAPR3.SA, ,N/A,N/A,N/A,Brazil,N/A
CAML3.SA,"Av. Professor MagalhAes Neto, 1,752 10th Floor Rooms 1010 and 1011",Salvador,BA,41810-012,Brazil,https://www.suzano.com.br
VISC11.SA,Eldorado Business Tower 12º Floor Av. Doutora Ruth Cardoso 8501 Pinheiros,São Paulo,SP,05425-070,Brazil,https://www.camil.com.br
SUZB3.SA, ,N/A,N/A,N/A,N/A,N/A
SAPR11.SA,"Praia do Flamengo, 78 3rd floor Flamengo",Rio De Janeiro,RJ,N/A,Brazil,https://www.neoenergia.com
BRDT3.SA,"Rua Engenheiros Reboucas, 1376 Reboucas",Curitiba,PR,80215-900,Brazil,https://www.sanepar.com.br
NEOE3.SA,Rua Funchal No.418 3rd floor Bairro Vila Olímpia,Sao Paulo,SP,04551-060,Brazil,https://www.paranapanemaenergia.com.br
BKBR3.SA,General Anaya Nº 601 Pte. Col. Bella Vista,Monterrey,NL,64410,Mexico,https://www.femsa.com
FMXB34.SA, ,N/A,N/A,N/A,N/A,N/A
CLGN34.SA, ,N/A,N/A,N/A,N/A,N/A
HONB34.SA, ,N/A,N/A,N/A,Brazil,N/A
ALZR11.SA,855 South Mint Street ,Charlotte,NC,28202,United States,https://www.honeywell.com
GFSA1.SA, ,N/A,N/A,N/A,N/A,N/A
DDNB34.SA,Building 730 974 Centre Road,Wilmington,DE,19805,United States,https://www.dupont.com
UBSG34.SA,"Rua CentenArio, 215 Centro",Brusque,SC,88351-025,Brazil,https://www.renauxview.com.br
TXRX4.SA,Bahnhofstrasse 45 ,Zurich,N/A,8001,Switzerland,https://www.ubs.com
OUJP11.SA,"Prudential Center, 800 Boylston Street Suite 1900",Boston,MA,02199-8103,United States,https://www.bxp.com
BCIA11.SA, ,N/A,N/A,N/A,Brazil,N/A
BOXP34.SA, ,N/A,N/A,N/A,Brazil,N/A
GPRO34.SA,"Rua Tito, nº 479 2nd Floor Vila Romana",São Paulo,SP,05051-000,Brazil,https://www.melhoramentos.com.br
MSPA3.SA,3025 Clearview Way ,San Mateo,CA,94402,United States,https://www.gopro.com
HFOF11.SA, ,N/A,N/A,N/A,Brazil,N/A
RBRF11.SA, ,N/A,N/A,N/A,Brazil,N/A
HAPV3.SA, ,N/A,N/A,N/A,N/A,N/A
GNDI3.SA,"Av. Heraclito Graca, 406 ",Fortaleza,CE,N/A,Brazil,https://ri.hapvida.com.br
BIDI4.SA,"Av. Brigadeiro Faria Lima 4300 2th floor, 21",São Paulo,SP,04538-132,Brazil,https://www.gp-investments.com
JPSA3.SA, ,N/A,N/A,N/A,N/A,N/A
GPIV33.SA, ,N/A,N/A,N/A,N/A,N/A
IRDM11.SA, ,N/A,N/A,N/A,Brazil,N/A
FOFT11.SA,"Av. Brigadeiro Faria Lima, 3477 ",São Paulo,SP,04538-133,Brazil,N/A
THRA11.SA, ,N/A,N/A,N/A,N/A,N/A
TAEE4.SA,"Av. das Américas, n° 2480 Block 6 sala 201 Barra da Tijuca",Rio de Janeiro,N/A,22640-101,Brazil,https://institucional.taesa.com.br/
BIDI4T.SA, ,N/A,N/A,N/A,Brazil,N/A
XPLG11.SA, ,N/A,N/A,N/A,Brazil,N/A
RBRR11.SA, ,N/A,N/A,N/A,Brazil,N/A
WPLZ11.SA,"Rua 72, 325 Ed. Trend Office Home 12th Floor Jd. Goiás",Goiânia,GO,4.805-480,Brazil,N/A
MGFF11.SA,"Av. Chedid. Jafet, 75 Torre Sul Floor 30",Sao Paulo,SP,N/A,Brazil,N/A
TGAR11.SA,Avenida Presidente Juscelino; Torre IV - 7º andar - Itaim Bibi Kubitschek,Sao Paulo,SP,1830,Brazil,N/A
HGRU11.SA,621 Professor MArio Werneck Avenue 10th Floor Estoril,Belo Horizonte,MG,30455-610,Brazil,https://www.logcp.com.br
ALUP3.SA, ,N/A,N/A,N/A,N/A,N/A
ALUP4.SA, ,N/A,N/A,N/A,Brazil,N/A
LOGG3.SA, ,N/A,N/A,N/A,Brazil,N/A
KNHY11.SA,"Rua Gomes de Carvalho, 1.996 16th floor Vila Olimpia",São Paulo,SP,04547-006,Brazil,https://www.alupar.com.br
OUCY11.SA,"Rua Gomes de Carvalho, 1.996 16th floor Vila Olimpia",São Paulo,SP,04547-006,Brazil,https://www.alupar.com.br
FVPQ11.SA,"Av. das Américas, n° 2480 Block 6 sala 201 Barra da Tijuca",Rio de Janeiro,N/A,22640-101,Brazil,https://institucional.taesa.com.br/
TASA13.SA,Avenida Roque Petroni Jr 999 Andar 10,Sao Paulo,N/A,N/A,Brazil,N/A
TASA15.SA, ,N/A,N/A,N/A,Brazil,N/A
TASA17.SA,Av. Atlantica 1130 - 9 andar Copacabana,Rio de Janeiro,N/A,N/A,Brazil,N/A
CARE11.SA, ,N/A,N/A,N/A,N/A,N/A
TAEE3.SA,Rua Vicente AntOnio de Oliveira 1050 ,São Paulo,SP,N/A,Brazil,https://www.azevedotravassos.com.br
XPIN11.SA,"R. Boa Vista 280, 15Ao andar Centro",São Paulo,SP,01010-001,Brazil,https://spturis.com
VSHO11.SA,"Av. Arnolfo Azevedo, 210 ",Pacaembu,SP,01236-030,Brazil,https://www.baumer.com.br
DMMO11.SA,"Praia de Botafogo, 501 – 5 Andar Torre Corcovado",Rio De Janeiro,RJ,N/A,Brazil,https://www.btgpactual.com.br
AZEV3.SA,"Rua Engenheiro Paul Werner, 925 Bairro Itoupava Seca",Blumenau,SC,89030-900,Brazil,https://www.altona.com.br
AHEB3.SA, ,N/A,N/A,N/A,N/A,N/A
BALM3.SA,"Avenida Engenheiro Hans Gaiser, 26 Downtown",Nova Friburgo,RJ,28605-220,Brazil,https://www.haga.com.br
BPAC3.SA, ,N/A,N/A,N/A,N/A,N/A
EALT3.SA, ,N/A,N/A,N/A,N/A,N/A
ECPR3.SA,"Rudolfo Vontobel Street, 600 Industrial District",Gravataí,RS,94045-405,Brazil,https://www.panatlantica.com.br
HAGA3.SA,"Av. Magalhães Neto, nº 1752 11th Floor Ed. Lena Empresarial Pituba",Salvador,BA,N/A,Brazil,https://www.aliancaparticipacoes.com.br
ITEC3.SA,Avenida Presidente Vargas 409 - 17th Floor - Downtown,Rio De Janeiro,RJ,20071003,Brazil,https://www.eletrobraspar.com.br
LIPR3.SA, ,N/A,N/A,N/A,N/A,N/A
PATI3.SA, ,N/A,N/A,N/A,N/A,N/A
PEAB3.SA,"Alameda Santos, nº 466 ",São Paulo,SP,N/A,Brazil,N/A
SULA3.SA,"Praia de Botafogo, 501 – 5 Andar Torre Corcovado",Rio De Janeiro,RJ,N/A,Brazil,https://www.btgpactual.com.br
BPAC5.SA,"Alameda Santos, nº 466 ",São Paulo,SP,N/A,Brazil,N/A
BRGE11.SA,"Alameda Santos, nº 466 ",São Paulo,SP,N/A,Brazil,N/A
BRGE12.SA, ,N/A,N/A,N/A,N/A,N/A
BRGE6.SA, ,N/A,N/A,N/A,N/A,N/A
CELP6.SA,"Av. Tancredo Neves number 2539 CEO Salvador Shopping, room 1205 Caminho das Árvores",Salvador,BA,N/A,Brazil,https://www.crci.com.br
CELP7.SA, ,N/A,N/A,N/A,N/A,N/A
CORR4.SA,"Av. Padre Cacique, 320 6th Floor",Porto Alegre,RS,90810-240,Brazil,https://www.trevisa.com.br
EEEL4.SA,"Rua Manoel dos Santos Coimbra, nº 184 ",Cuiabá,MT,78010-150,Brazil,https://www.energisa.com.br
ENMT4.SA, ,N/A,N/A,N/A,N/A,N/A
LUXM4.SA, ,N/A,N/A,N/A,N/A,N/A
MEND6.SA,"Rua EmIlio Adami, 700 Barra do Trombudo",Rio Do Sul,SC,89164-910,Brazil,https://www.riosulense.com.br
MERC4.SA, ,N/A,N/A,N/A,N/A,N/A
RSUL4.SA,"Rua Rio de Janeiro, nº 654, 11th Floor Centro",Belo Horizonte,MG,30160-912,Brazil,https://www.creditaquifinanceira.com
SULA4.SA,"Av. Cidade Jardim, 803 8th Floor Itaim Bibi",São Paulo,SP,01453-000,Brazil,N/A
BEEF11.SA,"Cidade De Deus, S/N Vila Yara",Osasco,SP,06029-900,Brazil,https://banco.bradesco
JBDU1.SA, ,N/A,N/A,N/A,Brazil,N/A
JBDU2.SA, ,N/A,N/A,N/A,N/A,N/A
LOGN12.SA, ,N/A,N/A,N/A,Brazil,N/A
MYPK12.SA, ,N/A,N/A,N/A,N/A,N/A
PATC11.SA, ,N/A,N/A,N/A,Brazil,N/A
BBDC3.SA,"Dr. Renato Paes de Barros Street, 1017 6th Floor Itaim Bibi",São Paulo,SP,04530-001,Brazil,https://grupovamos.com.br
VGIR11.SA, ,N/A,N/A,N/A,N/A,N/A
VILG11.SA,"WTC Free Zone Dr. Luis Bonavita 1294, Of. 1733 Tower II",Montevideo,N/A,11300,Uruguay,https://www.mercadolibre.com
CNTO3.SA, ,N/A,N/A,N/A,N/A,N/A
BTCR11.SA,"Av. AfrAnio de Melo Franco 290, pav. L2 Room 101-A (Shopping Leblon) Leblon",Rio De Janeiro,RJ,22430-060,Brazil,https://www.monteiroaranha.com.br
VAMO3.SA, ,N/A,N/A,N/A,N/A,N/A
CAMB10.SA, ,N/A,N/A,N/A,N/A,N/A
IDVL9.SA,"Praia de Botafogo, 228 Sala 707 Botafogo",Rio de Janeiro,RJ,22250-906,Brazil,https://www.mrs.com.br
MELI34.SA,"Avenida Chedid Jafet 222 Andar 3, Bloco B",Sao Paulo,N/A,N/A,Brazil,https://www.riobravo.com.br/EstrategiasInvestimento/Paginas/FII_AgenciasCaixa.aspx
MOAR3.SA, ,N/A,N/A,N/A,N/A,N/A
RBVA11.SA, ,N/A,N/A,N/A,Brazil,N/A
MRSA3B.SA, ,N/A,N/A,N/A,Brazil,N/A
VTLT11.SA, ,N/A,N/A,N/A,N/A,N/A
GTWR11.SA, ,N/A,N/A,N/A,Brazil,N/A
BIDI11.SA, ,N/A,N/A,N/A,N/A,N/A
BIDI3.SA, ,N/A,N/A,N/A,Brazil,N/A
DMAC11.SA, ,N/A,N/A,N/A,N/A,N/A
TFOF11.SA, ,N/A,N/A,N/A,Brazil,N/A
HCTR11.SA,"Rua Amador Bueno, 474 1º Andar, Bloco D,",São Paulo,SP,04752-005,Brazil,N/A
TIET2.SA, ,N/A,N/A,N/A,N/A,N/A
HSML11.SA, ,N/A,N/A,N/A,N/A,N/A
XPHT11.SA, ,N/A,N/A,N/A,N/A,N/A
XPHT12.SA, ,N/A,N/A,N/A,Brazil,N/A
HABT11.SA,"Rua Alves Guimarães, 1216 Pinheiros",São Paulo,SP,05410-002,Brazil,N/A
RECT11.SA, ,N/A,N/A,N/A,N/A,N/A
AQLL11.SA, ,N/A,N/A,N/A,N/A,N/A
ARFI11B.SA, ,N/A,N/A,N/A,Brazil,N/A
ATCR11.SA, ,N/A,N/A,N/A,N/A,N/A
BARI11.SA, ,Sao Paulo,N/A,N/A,Brazil,N/A
BBIM11.SA, ,N/A,N/A,N/A,N/A,N/A
BMII11.SA, ,N/A,N/A,N/A,N/A,N/A
BPRP11.SA, ,N/A,N/A,N/A,N/A,N/A
BRHT11B.SA, ,N/A,N/A,N/A,Brazil,N/A
BVAR11.SA, ,N/A,N/A,N/A,N/A,N/A
DAMT11B.SA, ,N/A,N/A,N/A,N/A,N/A
DOVL11B.SA, ,N/A,N/A,N/A,Brazil,N/A
ELDO11B.SA, ,N/A,N/A,N/A,Brazil,N/A
ERPA11.SA, ,N/A,N/A,N/A,N/A,N/A
FINF11.SA, ,N/A,N/A,N/A,N/A,N/A
FISC11.SA, ,N/A,N/A,N/A,N/A,N/A
FISD11.SA, ,N/A,N/A,N/A,Brazil,N/A
FPNG11.SA, ,N/A,N/A,N/A,Brazil,N/A
FTCE11B.SA, ,N/A,N/A,N/A,Brazil,N/A
GESE11B.SA, ,N/A,N/A,N/A,Brazil,N/A
HBTT11.SA, ,N/A,N/A,N/A,Brazil,N/A
HGFF11.SA, ,N/A,N/A,N/A,Brazil,N/A
HUSC11.SA, ,N/A,N/A,N/A,N/A,N/A
JPPC11.SA, ,N/A,N/A,N/A,N/A,N/A
KINP11.SA,"Av. Ataulfo de Paiva, 1235 6th Floor, Leblon",Rio de Janeiro,RJ,22440-031,Brazil,N/A
LATR11B.SA, ,N/A,N/A,N/A,Brazil,N/A
NCHB11.SA, ,N/A,N/A,N/A,N/A,N/A
NPAR11.SA, ,N/A,N/A,N/A,N/A,N/A
NVHO11.SA, ,N/A,N/A,N/A,N/A,N/A
NVIF11B.SA, ,N/A,N/A,N/A,N/A,N/A
ORPD11.SA, ,N/A,N/A,N/A,N/A,N/A
OULG11B.SA,Av. Almirante Barroso 52330. andar CEP 20031-000,Rio de Janeiro,RJ,N/A,Brazil,N/A
PBLV11.SA, ,N/A,N/A,N/A,Brazil,N/A
PRSN11B.SA, ,N/A,N/A,N/A,N/A,N/A
PRTS11.SA,"Rua Alves Guimarães, 1216 Pinheiros",São Paulo,SP,05410-002,Brazil,N/A
RBCO11.SA, ,N/A,N/A,N/A,Brazil,N/A
RBFF11.SA, ,N/A,N/A,N/A,Brazil,N/A
RBRP11.SA, ,N/A,N/A,N/A,Brazil,N/A
RBRY11.SA, ,N/A,N/A,N/A,N/A,N/A
RCFA11.SA, ,N/A,N/A,N/A,N/A,N/A
RCRI11B.SA, ,N/A,N/A,N/A,N/A,N/A
RDPD11.SA, ,N/A,N/A,N/A,Brazil,N/A
REIT11.SA, ,N/A,N/A,N/A,N/A,N/A
SADI11.SA, ,N/A,N/A,N/A,N/A,N/A
SAIC11B.SA, ,N/A,N/A,N/A,Brazil,N/A
SFND11.SA, ,N/A,N/A,N/A,Brazil,N/A
SHDP11B.SA, ,N/A,N/A,N/A,N/A,N/A
SHOP11.SA, ,N/A,N/A,N/A,N/A,N/A
SPAF11.SA, ,N/A,N/A,N/A,N/A,N/A
STRX11.SA, ,N/A,N/A,N/A,N/A,N/A
TCR11.SA, ,N/A,N/A,N/A,N/A,N/A
TORM13.SA, ,N/A,N/A,N/A,Brazil,N/A
TOUR11.SA, ,N/A,N/A,N/A,Brazil,N/A
TSNC11.SA, ,N/A,N/A,N/A,N/A,N/A
VERE11.SA, ,N/A,N/A,N/A,Brazil,N/A
VLJS11.SA,"Rua Verbo Divino, 1207 Chácara Santo Antonio",São Paulo,SP,04719-901,Brazil,https://www.vivara.com.br
VPSI11.SA, ,N/A,N/A,N/A,N/A,N/A
WTSP11B.SA, ,N/A,N/A,N/A,N/A,N/A
YCHY11.SA,"Alameda Araguaia, 1.222 ",Barueri,SP,06455-000,Brazil,https://www.cea.com.br
VIVA3.SA, ,N/A,N/A,N/A,N/A,N/A
CEAB3.SA, ,N/A,N/A,N/A,N/A,N/A
BMGB11.SA, ,N/A,N/A,N/A,N/A,N/A
BMGB4.SA, ,N/A,N/A,N/A,N/A,N/A
SDIP11.SA,"Av. Presidente Juscelino Kubitsche 1830,Tower 2 - 10th floor Vila Nova Conceicao",São Paulo,SP,04543-900,Brazil,https://www.bancobmg.com.br
RBCO11.SA, ,N/A,N/A,N/A,Brazil,N/A
IBFF11.SA, ,N/A,N/A,N/A,Brazil,N/A
CVBI11.SA, ,N/A,N/A,N/A,N/A,N/A
HRDF11.SA, ,N/A,N/A,N/A,Brazil,N/A
RSPD11.SA, ,N/A,N/A,N/A,N/A,N/A
TCPF11.SA, ,N/A,N/A,N/A,N/A,N/A
