ticker,endereco,cidade,estado,cep,pais,site
CRIV3.SA,"Rua Mermoz, 150 Cidade Alta",Natal,RN,N/A,BRAZIL,https://www.cosern.com.br
BDLL4.SA,"Av. Princesa Isabel 574 - Ed. Palas Ctr Block B, 9th floor Center",Vitória,ES,29010-930,BRAZIL,https://www.ri.banestes.com.br
BGIP4.SA,"Av. Princesa Isabel 574 - Ed. Palas Ctr Block B, 9th floor Center",Vitória,ES,29010-930,BRAZIL,https://www.ri.banestes.com.br
ALUP3.SA,"Rua 72, 325 Ed. Trend Office Home 12th Floor Jd. Goiás",Goiânia,GO,4.805-480,BRAZIL,N/A
BEES4.SA,"Rua OlImpio de Sousa Campos Junior, 31 InAcio Barbosa",Aracaju,SE,49040-840,BRAZIL,https://www.banese.com.br
AALR3.SA,"Rua OlImpio de Sousa Campos Junior, 31 InAcio Barbosa",Aracaju,SE,49040-840,BRAZIL,https://www.banese.com.br
LINX3.SA,Rua Treze de Maio nº 254 Santo Amaro,Recife,PE,50100-160,BRAZIL,https://www.sereducacional.com
IGBR3.SA,"Avenida ACaI, 875 Bloco C Industrial District",Manaus,AM,69075-020,BRAZIL,https://grupogradiente.com.br
GRLV11.SA,"Andrade Office Building - 1st Floor Lote 6, no 450, Rooms 21 and 22 Avenida C, Quadra A-48 Jardim GoiAs",Goiânia,GO,74805-070,BRAZIL,https://www.celgpar.com
ENGI3.SA,"Rua Manoel dos Santos Coimbra, nº 184 ",Cuiabá,MT,78010-150,BRAZIL,https://www.energisa.com.br
EEEL4.SA,"Rua Manoel dos Santos Coimbra, nº 184 ",Cuiabá,MT,78010-150,BRAZIL,https://www.energisa.com.br
BRDT3.SA,General Anaya Nº 601 Pte. Col. Bella Vista,Monterrey,NL,64410,MEXICO,https://www.femsa.com
CTSH34.SA,One CVS Drive ,Woonsocket,RI,02895,UNITED STATES,https://www.cvshealth.com
BCIA11.SA,Building 730 974 Centre Road,Wilmington,DE,19805,UNITED STATES,https://www.dupont.com
GDBR34.SA,11011 Sunset Hills Road ,Reston,VA,20190,UNITED STATES,https://www.gd.com
LMTB34.SA,6801 Rockledge Drive ,Bethesda,MD,20817,UNITED STATES,https://www.lockheedmartin.com
WIZS3.SA,929 Long Bridge Drive ,Arlington,VA,22202,UNITED STATES,https://www.boeing.com
MDLZ34.SA,101 East Kennedy Boulevard Suite 2500,Tampa,FL,33602,UNITED STATES,https://www.mosaicco.com
FCXO34.SA,942 South Shady Grove Road ,Memphis,TN,38120,UNITED STATES,https://www.fedex.com
PFIZ34.SA,One Procter & Gamble Plaza ,Cincinnati,OH,45202,UNITED STATES,https://www.pginvestor.com
GEOO34.SA,1 Neumann Way ,Evendale,OH,45215,UNITED STATES,https://www.geaerospace.com
LILY34.SA,Lilly Corporate Center ,Indianapolis,IN,46285,UNITED STATES,https://www.lilly.com
FDMO34.SA,One American Road ,Dearborn,MI,48126,UNITED STATES,https://www.ford.com
BERK34.SA,3555 Farnam Street ,Omaha,NE,68131,UNITED STATES,https://www.berkshirehathaway.com
GMCO34.SA,1400 Douglas Street ,Omaha,NE,68179,UNITED STATES,https://www.up.com
VERZ34.SA,702 South West 8th Street ,Bentonville,AR,72716,UNITED STATES,https://corporate.walmart.com
WUNI34.SA,7001 East Belleview Avenue ,Denver,CO,80237,UNITED STATES,https://www.westernunion.com
CXRI11.SA,350 West Washington Street Suite 600,Tempe,AZ,85288,UNITED STATES,https://www.firstsolar.com
SHUL4.SA,201 Merritt 7 P.O. Box 4505,Norwalk,CT,06851-1056,UNITED STATES,https://www.xerox.com
DHER34.SA,"2200 Pennsylvania Avenue, North West Suite 800 West",Washington,DC,20037-1701,UNITED STATES,https://www.danaher.com
AALL34.SA,300 Renaissance Center ,Detroit,MI,48265-3000,UNITED STATES,https://www.gm.com
COLG34.SA,333 North Central Avenue ,Phoenix,AZ,85004-2189,UNITED STATES,https://fcx.com
NIKE34.SA,One Bowerman Drive ,Beaverton,OR,97005-6453,UNITED STATES,https://www.nike.com
DMMO3T.SA,"Av. Magalhães Neto, nº 1752 11th Floor Ed. Lena Empresarial Pituba",Salvador,BA,N/A,BRAZIL,https://www.aliancaparticipacoes.com.br
ITEC3.SA,"Av. Magalhães Neto, nº 1752 11th Floor Ed. Lena Empresarial Pituba",Salvador,BA,N/A,BRAZIL,https://www.aliancaparticipacoes.com.br
CORR4.SA,"Av. Tancredo Neves number 2539 CEO Salvador Shopping, room 1205 Caminho das Árvores",Salvador,BA,N/A,BRAZIL,https://www.crci.com.br
CBEE3.SA,Avenida Edgard Santos nº 300 Narandiba,Salvador,BA,41181-900,BRAZIL,https://www.coelba.com.br
CEEB3.SA,Avenida Edgard Santos nº 300 Narandiba,Salvador,BA,41181-900,BRAZIL,https://www.coelba.com.br
SUZB3.SA,"Av. Professor MagalhAes Neto, 1,752 10th Floor Rooms 1010 and 1011",Salvador,BA,41810-012,BRAZIL,https://www.suzano.com.br
EZTC3.SA,"Rua Ewerton Visco, 290 Ed. Boulevard Side Empresarial 25º andar – Caminho das Árvores",Salvador,BA,41820-022,BRAZIL,https://www.ferbasa.com.br
ENMT3.SA,"Rua Ewerton Visco, 290 Ed. Boulevard Side Empresarial 25º andar – Caminho das Árvores",Salvador,BA,41820-022,BRAZIL,https://www.ferbasa.com.br
CPRE3T.SA,Highway BA-099 Estrada do Coco KM 20 Centro Abrantes,Camaçari,BA,42829-710,BRAZIL,https://www.tronox-al.com.br
CSRN3.SA,Highway BA-099 Estrada do Coco KM 20 Centro Abrantes,Camaçari,BA,42829-710,BRAZIL,https://www.tronox-al.com.br
EXXO34.SA,500 South Buena Vista Street ,Burbank,CA,91521,UNITED STATES,https://www.thewaltdisneycompany.com
DEAI34.SA,1600 Amphitheatre Parkway ,Mountain View,CA,94043,UNITED STATES,https://abc.xyz
GILD34.SA,1600 Amphitheatre Parkway ,Mountain View,CA,94043,UNITED STATES,https://abc.xyz
WALM34.SA,420 Montgomery Street ,San Francisco,CA,94104,UNITED STATES,https://www.wellsfargo.com
SPRN34.SA,Two Folsom Street ,San Francisco,CA,94105,UNITED STATES,https://www.gapinc.com
SSFO34.SA,Salesforce Tower 3rd Floor 415 Mission Street,San Francisco,CA,94105,UNITED STATES,https://www.salesforce.com
HOME34.SA,1501 Page Mill Road ,Palo Alto,CA,94304,UNITED STATES,https://www.hp.com
GPRO34.SA,3025 Clearview Way ,San Mateo,CA,94402,UNITED STATES,https://www.gopro.com
GOGL34.SA,333 Lakeside Drive ,Foster City,CA,94404,UNITED STATES,https://www.gilead.com
ABTT34.SA,One Apple Park Way ,Cupertino,CA,95014,UNITED STATES,https://www.apple.com
PEPB34.SA,121 Albright Way ,Los Gatos,CA,95032,UNITED STATES,https://www.netflix.com
FDXB34.SA,2025 Hamilton Avenue ,San Jose,CA,95125,UNITED STATES,https://www.ebayinc.com
AAPL34.SA,One Amgen Center Drive ,Thousand Oaks,CA,91320-1799,UNITED STATES,https://www.amgen.com
UTEC34.SA,5775 Morehouse Drive ,San Diego,CA,92121-1714,UNITED STATES,https://www.qualcomm.com
VISA34.SA,PO Box 8999 ,San Francisco,CA,94128-8999,UNITED STATES,https://www.visa.com
ROST34.SA,5130 Hacienda Drive ,Dublin,CA,94568-7579,UNITED STATES,https://www.rossstores.com
BOEI34.SA,6001 Bollinger Canyon Road ,San Ramon,CA,94583-2324,UNITED STATES,https://www.chevron.com
HPQB34.SA,2200 Mission College Boulevard ,Santa Clara,CA,95054-1549,UNITED STATES,https://www.intel.com
CSCO34.SA,170 West Tasman Drive ,San Jose,CA,95134-1706,UNITED STATES,https://www.cisco.com
CMIG4.SA,"Rua Padre Valdevino, nº 150 Centro",Fortaleza,CE,N/A,BRAZIL,https://www.enel.com.br/pt/investidores.html
CGRA3.SA,"Rua Padre Valdevino, nº 150 Centro",Fortaleza,CE,N/A,BRAZIL,https://www.enel.com.br/pt/investidores.html
GPIV33.SA,"Av. Heraclito Graca, 406 ",Fortaleza,CE,N/A,BRAZIL,https://ri.hapvida.com.br
BNBR3.SA,"Avenida Dr. Silas Munguba, no 5700 PO Box 628 Passare",Fortaleza,CE,60743-902,BRAZIL,https://www.bnb.gov.br
LUPA3.SA,Rodovia BR 116 KM 18 Jabuti,Eusébio,CE,61760-000,BRAZIL,https://mdiasbranco.com.br
GOAU3.SA,"Av. Pimentel Gomes, 214 B. Expectativa",Sobral,CE,62040-125,BRAZIL,https://www.grendene.com.br
ALMI11.SA,SBS – Setor Bancário Sul Quadra 1,Brasilia,DF,N/A,BRAZIL,https://www.vam.com.br/web/export/sites/vam/bb_progressivoII/pt/fundo/prospecto.pdf
BBDC4.SA,"EdifIcio Banco do Brasil Quadra 5, Lote B Autarquias Norte Federal District",Brasília,DF,N/A,BRAZIL,https://www.bb.com.br
ANIM3.SA,"Banco do Brasil Building, Asa Norte Lot B, 3rd Floor Quadra 05, Torre Sul Setor de Autarquias Norte",Brasília,DF,N/A,BRAZIL,https://www.bbseguridaderi.com.br
BSLI4.SA,CNC Business Center Block B and C ST SAUN Quadra 5 Lot C,Brasília,DF,70040-250,BRAZIL,https://novo.brb.com.br
BBVJ11.SA,SBS s/n Qd 4 Lts 3/4 Ed Sede Asa Sul,Brasilia,DF,70092-900,BRAZIL,N/A
EURO11.SA,SBS s/n Qd 4 Lts 3/4 Ed Sede Asa Sul,Brasilia,DF,70092-900,BRAZIL,N/A
PRSV11.SA,SBS s/n Qd 4 Lts 3/4 Ed Sede Asa Sul,Brasilia,DF,70092-900,BRAZIL,N/A
MRSA6BF.SA,SBS s/n Qd 4 Lts 3/4 Ed Sede Asa Sul,Brasilia,DF,70092-900,BRAZIL,N/A
ENGI4.SA,"Parque Cidade Corporate Building Tower A, Rooms 201, 202,204, 205 SCS, BLOCK 09, LOT C Asa Sul",Brasília,DF,70308-200,BRAZIL,https://www.equatorialenergia.com.br
TELB4.SA,"Edifício Capital Financial Center SIG Qd. 4, Bl. A, 3rd Floor",Brasilia,DF,70610-440,BRAZIL,https://www.telebras.com.br
TCNO4.SA,"Edifício Capital Financial Center SIG Qd. 4, Bl. A, 3rd Floor",Brasilia,DF,70610-440,BRAZIL,https://www.telebras.com.br
BNFS11.SA,"AEON Efficient Office Building SGAN Block 601, Block H Rooms SEMI Underground 004SE to 019SE Asa Norte",Brasília,DF,70830-010,BRAZIL,https://www.ceb.com.br
CATP34.SA,One Coca-Cola Plaza ,Atlanta,GA,30313,UNITED STATES,https://www.coca-colacompany.com
GUAR3.SA,"55 Glenlake Parkway, N.E. ",Atlanta,GA,30328,UNITED STATES,https://www.ups.com
GSGI34.SA,2455 Paces Ferry Road ,Atlanta,GA,30339,UNITED STATES,https://www.homedepot.com
FSLR34.SA,PO Box 20706 ,Atlanta,GA,30320-6001,UNITED STATES,https://www.delta.com
MFII11.SA,110 North Carpenter Street ,Chicago,IL,60607,UNITED STATES,https://www.mcdonalds.com
QCOM34.SA,905 West Fulton Market Suite 200,Chicago,IL,60607,UNITED STATES,https://www.mondelezinternational.com
TOYB3.SA,100 Abbott Park Road Abbott Park,North Chicago,IL,60064-6400,UNITED STATES,https://www.abbott.com
BBYY34.SA,1 North Waukegan Road ,North Chicago,IL,60064-6400,UNITED STATES,https://www.abbvie.com
BCRI11.SA,225 Binney Street ,Cambridge,MA,02142,UNITED STATES,https://www.biogen.com
TMOS34.SA,168 Third Avenue ,Waltham,MA,02451,UNITED STATES,https://www.thermofisher.com
OUJP11.SA,"Prudential Center, 800 Boylston Street Suite 1900",Boston,MA,02199-8103,UNITED STATES,https://www.bxp.com
TASA3.SA,"Rua Claudio Manoel, 36 ",Belo Horizonte,MG,N/A,BRAZIL,https://www.cogna.com.br
BMIN3.SA,"Rua Rio de Janeiro, No. 654 9th Floor",Belo Horizonte,MG,N/A,BRAZIL,https://www.bancobmi.com.br
BMIN4.SA,"Rua Rio de Janeiro, No. 654 9th Floor",Belo Horizonte,MG,N/A,BRAZIL,https://www.bancobmi.com.br
UNIP3.SA,"Avenida do Contorno, 6.594 Savassi",Belo Horizonte,MG,30110-044,BRAZIL,https://www.usiminas.com
VIVR3.SA,"Avenida do Contorno, 6.594 Savassi",Belo Horizonte,MG,30110-044,BRAZIL,https://www.usiminas.com
UNIP5.SA,"Avenida do Contorno, 6.594 Savassi",Belo Horizonte,MG,30110-044,BRAZIL,https://www.usiminas.com
ADHM3.SA,"Rua Fernandes Tourinho, 147 room 402 Bairro Savassi",Belo Horizonte,MG,30112-000,BRAZIL,https://ri.arezzoco.com.br
CCRO3.SA,"Rua Paraíba, no. 330, 9th Floor Bairro Escritores",Belo Horizonte,MG,30130-917,BRAZIL,https://www.cedro.com.br
ESUD11.SA,"Rua Paraíba, no. 330, 9th Floor Bairro Escritores",Belo Horizonte,MG,30130-917,BRAZIL,https://www.cedro.com.br
ELEK4.SA,"Rua dos Otoni, 177 10th floor",Belo Horizonte,MG,30150-270,BRAZIL,https://direcional.com.br
BMEB3.SA,654 Rua Rio de Janeiro Street ,Belo Horizonte,MG,30160-041,BRAZIL,https://www.bancomercantil.com.br
BMEB4.SA,654 Rua Rio de Janeiro Street ,Belo Horizonte,MG,30160-041,BRAZIL,https://www.bancomercantil.com.br
MEND6.SA,"Rua Rio de Janeiro, nº 654, 11th Floor Centro",Belo Horizonte,MG,30160-912,BRAZIL,https://www.creditaquifinanceira.com
CGRA4.SA,"Avenida Barbacena, 1200 ",Belo Horizonte,MG,30190-131,BRAZIL,https://www.cemig.com.br
CMIG3.SA,"Avenida Barbacena, 1200 ",Belo Horizonte,MG,30190-131,BRAZIL,https://www.cemig.com.br
CPLE6.SA,"Rua Mar de Espanha, 525 Bairro Santo Antonio",Belo Horizonte,MG,30330-270,BRAZIL,https://www.copasa.com.br
MRVE3.SA,"Avenida Professor Mário Werneck, 621 1st Floor Estoril",Belo Horizonte,MG,30455-610,BRAZIL,https://www.mrv.com.br
LOGG3.SA,621 Professor MArio Werneck Avenue 10th Floor Estoril,Belo Horizonte,MG,30455-610,BRAZIL,https://www.logcp.com.br
ROMI3.SA,"Avenida Bernardo de Vasconcelos, 377 Bairro Cachoeirinha",Belo Horizonte,MG,31150-000,BRAZIL,https://www.localiza.com
SQIA3.SA,705 – Lagoa dos Ingleses Avenida Regent Alphaville,Nova Lima,MG,34018-000,BRAZIL,https://www.biomm.com
ENBR3.SA,Praça Rui Barbosa 80 ,Cataguases,MG,36770-901,BRAZIL,https://www.energisa.com.br
SNSY5.SA,Praça Rui Barbosa 80 ,Cataguases,MG,36770-901,BRAZIL,https://www.energisa.com.br
EMAE4.SA,Praça Rui Barbosa 80 ,Cataguases,MG,36770-901,BRAZIL,https://www.energisa.com.br
REDE3.SA,"Praça Rui Barbosa, 80 - Centro ",Cataguases,MG,36770-901,BRAZIL,https://www.energisa.com.br
MDIA3.SA,"Rodovia FernAo Dias, Km 755.6 Distrito Industrial Três Corações",Campos Gerais,MG,37418-760,BRAZIL,https://www.mangels.com.br
DASA3.SA,"Avenida Lincoln Alves dos Santos, n° 955 Bairro Industrial",Montes Claros,MG,39404-005,BRAZIL,https://www.coteminas.com.br
SLCE3.SA,Avenida Lincoln Alves dos Santos number 955,Montes Claros,MG,39404-005,BRAZIL,https://ri.springs.com
CTNM3.SA,"Avenida Lincoln Alves dos Santos, n° 955 Bairro Industrial",Montes Claros,MG,39404-005,BRAZIL,https://www.coteminas.com.br
CTKA4.SA,"Avenida Osmane Barbosa, No. 1.235 ",Montes Claros,MG,39404-006,BRAZIL,https://www.santanense.com.br
DTCY3.SA,"Avenida Osmane Barbosa, No. 1.235 ",Montes Claros,MG,39404-006,BRAZIL,https://www.santanense.com.br
SLBG34.SA,800 Nicollet Mall ,Minneapolis,MN,55402,UNITED STATES,https://www.usbank.com
BMYB34.SA,1000 Nicollet Mall ,Minneapolis,MN,55403,UNITED STATES,https://corporate.target.com
ABBV34.SA,7601 Penn Avenue South ,Richfield,MN,55423,UNITED STATES,https://corporate.bestbuy.com
MRCK34.SA,3M Center ,Saint Paul,MN,55144-1000,UNITED STATES,https://www.3m.com
XPOM11.SA,525 South Tryon Street ,Charlotte,NC,28202,UNITED STATES,https://www.duke-energy.com
BKBR3.SA,855 South Mint Street ,Charlotte,NC,28202,UNITED STATES,https://www.honeywell.com
BOAC34.SA,Bank of America Corporate Center 100 North Tryon Street,Charlotte,NC,28255,UNITED STATES,https://www.bankofamerica.com
MSCD34.SA,126 East Lincoln Avenue ,Rahway,NJ,07065,UNITED STATES,https://www.merck.com
COWC34.SA,300 Frank West Burr Boulevard ,Teaneck,NJ,07666,UNITED STATES,https://www.cognizant.com
AVON34.SA,Route 206 & Province Line Road ,Princeton,NJ,08543,UNITED STATES,https://www.bms.com
JNJB34.SA,One Johnson & Johnson Plaza ,New Brunswick,NJ,08933,UNITED STATES,https://www.jnj.com
CHKE34.SA,50 Hudson Yards ,New York,NY,10001,UNITED STATES,https://www.blackrock.com
GPSI34.SA,151 West 34th Street ,New York,NY,10001,UNITED STATES,https://www.macysinc.com
CTGP34.SA,388 Greenwich Street ,New York,NY,10013,UNITED STATES,https://www.citigroup.com
TRVC34.SA,485 Lexington Avenue ,New York,NY,10017,UNITED STATES,https://www.travelers.com
VSPT3.SA,1271 Avenue of the Americas ,New York,NY,10020,UNITED STATES,https://www.aig.com
WFCO34.SA,1095 Avenue of the Americas ,New York,NY,10036,UNITED STATES,https://www.verizon.com
MSBR34.SA,1585 Broadway ,New York,NY,10036,UNITED STATES,https://www.morganstanley.com
COTY34.SA,350 Fifth Avenue ,New York,NY,10118,UNITED STATES,https://www.coty.com
ITLC34.SA,383 Madison Avenue ,New York,NY,10179,UNITED STATES,https://www.jpmorganchase.com
HALI34.SA,200 West Street ,New York,NY,10282,UNITED STATES,https://www.goldmansachs.com
AXPB34.SA,200 Vesey Street ,New York,NY,10285,UNITED STATES,https://www.americanexpress.com
ACNB34.SA,240 Greenwich Street ,New York,NY,10286,UNITED STATES,https://www.bnymellon.com
CHVX34.SA,One New Orchard Road ,Armonk,NY,10504,UNITED STATES,https://www.ibm.com
MSFT34.SA,2000 Purchase Street ,Purchase,NY,10577,UNITED STATES,https://www.mastercard.com
NFLX34.SA,700 Anderson Hill Road ,Purchase,NY,10577,UNITED STATES,https://www.pepsico.com
SBUB34.SA,66 Hudson Boulevard East ,New York,NY,10001-2192,UNITED STATES,https://www.pfizer.com
EBAY34.SA,300 Park Avenue ,New York,NY,10022-7499,UNITED STATES,https://www.colgatepalmolive.com
METB34.SA,200 Park Avenue ,New York,NY,10166-0188,UNITED STATES,https://www.metlife.com
KLBN11.SA,Avenida Presidente Vargas nº 800 ,Belém,PA,66017-901,BRAZIL,https://www.bancoamazonia.com.br
ATOM3.SA,One PPG Place ,Pittsburgh,PA,15222,UNITED STATES,https://www.kraftheinzcompany.com
HSHY34.SA,19 East Chocolate Avenue ,Hershey,PA,17033,UNITED STATES,https://www.thehersheycompany.com
MAXR11.SA,201 Isabella Street Suite 200,Pittsburgh,PA,15212-5872,UNITED STATES,https://www.howmet.com
USSX34.SA,600 Grant Street ,Pittsburgh,PA,15219-2800,UNITED STATES,https://www.ussteel.com
CMCS34.SA,One Comcast Center 1701 JFK Boulevard,Philadelphia,PA,19103-2838,UNITED STATES,https://corporate.comcast.com
CRIV4.SA,"Rua Engenheiros Reboucas, 1376 Reboucas",Curitiba,PR,80215-900,BRAZIL,https://www.sanepar.com.br
OMGE3.SA,"Rua Engenheiros Reboucas, 1376 Reboucas",Curitiba,PR,80215-900,BRAZIL,https://www.sanepar.com.br
SAPR11.SA,"Rua Engenheiros Reboucas, 1376 Reboucas",Curitiba,PR,80215-900,BRAZIL,https://www.sanepar.com.br
COCE5.SA,"Rua JosE Izidoro Biazetto, 158 Bloco A",Curitiba,PR,81200-240,BRAZIL,https://www.copel.com
CSAN3.SA,"Rua JosE Izidoro Biazetto, 158 Bloco A",Curitiba,PR,81200-240,BRAZIL,https://www.copel.com
PMAM3.SA,"Rua JoAo Bettega, 5200 - CIC ",Curitiba,PR,81350-000,BRAZIL,https://www.positivotecnologia.com.br
ALPA3.SA,"Rua Emílio Bertolini, 100 Vila Oficinas",Curitiba,PR,82920-030,BRAZIL,https://www.rumolog.com
DOHL4.SA,"Avenida dom Pedro II, 1720 Itapira",Quatro Barras,PR,83420-000,BRAZIL,https://dtcom.com.br
ETER3.SA,"Avenida Venezuela,43 ",Rio De Janeiro,RJ,N/A,BRAZIL,https://yduqs.com.br
MMXM3.SA,"Estrada do Guerengue, n. 1381 Taquara",Rio De Janeiro,RJ,N/A,BRAZIL,https://www.mills.com.br
TGMA3.SA,"Avenida das AmEricas, no 4200 6o pavimento, bloco 05 barra da tijuca",Rio De Janeiro,RJ,N/A,BRAZIL,https://www.grupotechnos.com.br
AFLT3.SA,"Praia do Flamengo, 78 1st Floor Flamengo",Rio De Janeiro,RJ,N/A,BRAZIL,https://www.afluentet.com.br
DUKB34.SA,"Praia de Botafogo, 501 – 5 Andar Torre Corcovado",Rio De Janeiro,RJ,N/A,BRAZIL,https://www.btgpactual.com.br
CLGN34.SA,"Praia do Flamengo, 78 3rd floor Flamengo",Rio De Janeiro,RJ,N/A,BRAZIL,https://www.neoenergia.com
VSHO11.SA,"Praia de Botafogo, 501 – 5 Andar Torre Corcovado",Rio De Janeiro,RJ,N/A,BRAZIL,https://www.btgpactual.com.br
SULA3.SA,"Praia de Botafogo, 501 – 5 Andar Torre Corcovado",Rio De Janeiro,RJ,N/A,BRAZIL,https://www.btgpactual.com.br
PRSN11B.SA,Av. Almirante Barroso 52330. andar CEP 20031-000,Rio de Janeiro,RJ,N/A,BRAZIL,N/A
ECPR3.SA,Avenida Presidente Vargas 409 - 17th Floor - Downtown,Rio De Janeiro,RJ,20071003,BRAZIL,https://www.eletrobraspar.com.br
VLID3.SA,"Rua Laura Maiello Kook, 511 Ipanema da Pedras",Rio De Janeiro,RJ,18052-445,BRAZIL,https://www.valid.com
IRBR3.SA,Avenida Marechal Câmara 171-Castelo,Rio de Janeiro,RJ,20020-901,BRAZIL,https://www.irbre.com
LIGT3.SA,"Rua do Passeio, 78 12th floor Ed. BVEP Nigri Plaza",Rio De Janeiro,RJ,20021-280,BRAZIL,https://www.loginlogistica.com.br
PTNT4.SA,"Avenida Almirante Barroso, 52 suite 1301 (part) Centro",Rio De Janeiro,RJ,20031-918,BRAZIL,https://www.enauta.com.br
HETA4.SA,"Av. Nossa Senhora de Copacabana, n° 955 2 floor Copacabana",Rio De Janeiro,RJ,20060-001,BRAZIL,https://www.ciahoteisothon.com.br
FSTU11.SA,"Praça Tiradentes, 10 - Room 304 Downtown",Rio De Janeiro,RJ,20060-070,BRAZIL,https://www.cemepe.com.br
LLIS3.SA,"Rua Marechal Floriano, nº 168 Bloco 1 – 2º Andar Centro",Rio De Janeiro,RJ,20080-002,BRAZIL,https://www.light.com.br
ELET6.SA,"Rua da Quitanda, 196 9th Floor Centro",Rio De Janeiro,RJ,20091-005,BRAZIL,https://www.eletrobras.com
EMBR3.SA,"Rua da Quitanda, 196 9th Floor Centro",Rio De Janeiro,RJ,20091-005,BRAZIL,https://www.eletrobras.com
CELP5.SA,Avenida Oscar Niemeyer nº 2000 Bloco 01 Sala 701 Santo Christ,Rio De Janeiro,RJ,20220-297,BRAZIL,N/A
BRKM5.SA,"Rua do Lavradio, 71 2nd floor Centro district",Rio De Janeiro,RJ,20230-070,BRAZIL,https://ri.oi.com.br
BRSR6.SA,"Rua do Lavradio, 71 2nd floor Centro district",Rio De Janeiro,RJ,20230-070,BRAZIL,https://ri.oi.com.br
PDGR3.SA,"Avenida Henrique Valadares, 28 19th floor",Rio de Janeiro,RJ,20241-030,BRAZIL,https://petrobras.com.br
PETR4.SA,"Avenida Henrique Valadares, 28 19th floor",Rio de Janeiro,RJ,20241-030,BRAZIL,https://petrobras.com.br
TIET11.SA,"Avenida Brasil, 3141 Benfica",Rio De Janeiro,RJ,20930-041,BRAZIL,https://refit.com.br
RCSL4.SA,"Praia do Flamengo, nº 200 19th floor Flamengo",Rio De Janeiro,RJ,22210-901,BRAZIL,https://www.wlm.com.br
RPAD6.SA,"Praia do Flamengo, nº 200 19th floor Flamengo",Rio De Janeiro,RJ,22210-901,BRAZIL,https://www.wlm.com.br
MRFG3.SA,"Praia de Botafogo, 501 Torre Corcovado, sala 404 B Botafogo",Rio De Janeiro,RJ,22250-040,BRAZIL,https://www.eneva.com.br
IDVL4.SA,"Praia de Botafogo, 370 13º andar - Botafogo",Rio de Janeiro,RJ,22250-040,BRAZIL,https://www.prio3.com.br
EDFO11B.SA,"Praia do Botafogo, 501 ",Rio de Janeiro,RJ,22250-040,BRAZIL,N/A
USIM5.SA,"Praia de Botafogo 186 offices 1101, 1601, 1701 and 1801 Botafogo",Rio De Janeiro,RJ,22250-145,BRAZIL,https://www.vale.com
MELI34.SA,"Praia de Botafogo, 228 Sala 707 Botafogo",Rio de Janeiro,RJ,22250-906,BRAZIL,https://www.mrs.com.br
SLED3.SA,"R. VoluntArios da PAtria, 45 8th and 9th Floors Botafogo",Rio De Janeiro,RJ,22270-900,BRAZIL,https://www.sondotecnica.com.br
SOND6.SA,"R. VoluntArios da PAtria, 45 8th and 9th Floors Botafogo",Rio De Janeiro,RJ,22270-900,BRAZIL,https://www.sondotecnica.com.br
GPAR3.SA,"Rua Lauro Muller 116, 24º block, room 2403 parte Botafogo",Rio De Janeiro,RJ,22290-160,BRAZIL,https://www.mmx.com.br
PABY11.SA,"Rua Lauro Muller, nº 116 salas 701, 702 e 703",Rio de Janeiro,RJ,22290-160,BRAZIL,https://www.brkbdtvm.com.br/fundos_detalhes.aspx?codigo=11
PCAR4.SA,"Rua Lauro Muller, 116 Room 2403 Botafogo",Rio De Janeiro,RJ,22290-906,BRAZIL,https://www.osx.com.br
BTCR11.SA,"Av. AfrAnio de Melo Franco 290, pav. L2 Room 101-A (Shopping Leblon) Leblon",Rio De Janeiro,RJ,22430-060,BRAZIL,https://www.monteiroaranha.com.br
HUSC11.SA,"Av. Ataulfo de Paiva, 1235 6th Floor, Leblon",Rio de Janeiro,RJ,22440-031,BRAZIL,N/A
JHSF3.SA,"Avenida das AmEricas, 3443 Block 3, Ala B - Room 108 Barra da Tijuca",Rio De Janeiro,RJ,22631-003,BRAZIL,https://www.joaofortes.com.br
OSXB3.SA,"Avenida das Americas, 4.200 sala 501 Bloco 2 Barra da Tijuca",Rio De Janeiro,RJ,22640-102,BRAZIL,https://www.multiplan.com.br
CXCE11B.SA,"Av. Das Americas, 3434 block 7, 2 andar Barra da Tijuca",Rio de Janeiro,RJ,22640-102,BRAZIL,N/A
FEXC11.SA,"Av. Das Americas, 3434 block 7, 2 andar Barra da Tijuca",Rio de Janeiro,RJ,22640-102,BRAZIL,N/A
PORD11.SA,"Av. Das Americas, 3434 block 7, 2 andar Barra da Tijuca",Rio de Janeiro,RJ,22640-102,BRAZIL,N/A
POMO3.SA,"Avenida Ayrton Senna, 2150 Bloco P, 3rd Floor Barra da Tijuca",Rio De Janeiro,RJ,22775-900,BRAZIL,https://www.profarma.com.br
HOOT4.SA,"Avenida Engenheiro Hans Gaiser, 26 Downtown",Nova Friburgo,RJ,28605-220,BRAZIL,https://www.haga.com.br
AHEB3.SA,"Avenida Engenheiro Hans Gaiser, 26 Downtown",Nova Friburgo,RJ,28605-220,BRAZIL,https://www.haga.com.br
BRML3.SA,"Rua Capitão Montanha, 177 4th Floor",Porto Alegre,RS,N/A,BRAZIL,https://www.banrisul.com.br
STBP3.SA,"Rua Capitão Montanha, 177 4th Floor",Porto Alegre,RS,N/A,BRAZIL,https://www.banrisul.com.br
DOMC11.SA,"Rua Capitão Montanha, 177 4th Floor",Porto Alegre,RS,N/A,BRAZIL,https://www.banrisul.com.br
GPCP3.SA,"Rua General João Manoel, 157 17th floor",Porto Alegre,RS,N/A,BRAZIL,https://www.habitasul.com.br
RANI3.SA,"Edifício Joao Benjamin Zaffari Rooms 502/503 Avenida Carlos Gomes, nº 400 Bairro Boa Vista",Porto Alegre,RS,N/A,BRAZIL,https://irani.com.br
PEAB4.SA, ,Eldorado do Sul,RS,N/A,BRAZIL,https://www.dimed.com.br
CCPR3.SA,"Avenida Clovis Paim Grivot, n°11 Bairro Humaitá",Porto Alegre,RS,90250-020,BRAZIL,https://www.ceee.com.br
JOPA4.SA,"Avenida Carlos Gomes, 651 5th Floor Bairro Boa Vista",Porto Alegre,RS,90480-003,BRAZIL,https://www.josapar.com.br
MTSA4.SA,"Avenida Carlos Gomes, 651 5th Floor Bairro Boa Vista",Porto Alegre,RS,90480-003,BRAZIL,https://www.josapar.com.br
ENMT4.SA,"Av. Padre Cacique, 320 6th Floor",Porto Alegre,RS,90810-240,BRAZIL,https://www.trevisa.com.br
SULA11.SA,"Avenue Nilo Peçanha, 2900 Room 301 Boa Vista District",Porto Alegre,RS,91330-002,BRAZIL,https://www.slcagricola.com.br
MGLU3.SA,"Av. Joaquim Porto Villanova, 401 ",Porto Alegre,RS,91410-400,BRAZIL,https://www.lojasrenner.com.br
TASA4.SA,"Av. São Borja, 2181 Distrito Industrial",São Leopoldo,RS,93035-411,BRAZIL,https://www.taurusarmas.com.br
CLSC4.SA,"Av. São Borja, 2181 Distrito Industrial",São Leopoldo,RS,93035-411,BRAZIL,https://www.taurusarmas.com.br
RANI4.SA,"Av. Luiz Pasteur, 1020 Tres Portos",Sapucaia Do Sul,RS,93212-360,BRAZIL,https://www.recrusul.com.br
RCSL3.SA,"Av. Luiz Pasteur, 1020 Tres Portos",Sapucaia Do Sul,RS,93212-360,BRAZIL,https://www.recrusul.com.br
PATI4.SA,"Rudolfo Vontobel Street, 600 Industrial District",Gravataí,RS,94045-405,BRAZIL,https://www.panatlantica.com.br
LIPR3.SA,"Rudolfo Vontobel Street, 600 Industrial District",Gravataí,RS,94045-405,BRAZIL,https://www.panatlantica.com.br
PTBL3.SA,"Rodovia RSC 453 Km 2,4 Industrial District",Caxias Do Sul,RS,95010-550,BRAZIL,https://www.pettenati.com.br
RAPT3.SA,Avenue Rubem Bento Alves 1449 Interlagos,Caxias Do Sul,RS,95052-105,BRAZIL,https://www.randon.com.br
RNEW11.SA,Avenue Rubem Bento Alves 1449 Interlagos,Caxias Do Sul,RS,95052-105,BRAZIL,https://www.randon.com.br
PLAS3.SA,"Avenida Marcopolo, 280 Bairro Planalto",Caxias Do Sul,RS,95086-200,BRAZIL,https://www.marcopolo.com.br
POSI3.SA,"Avenida Marcopolo, 280 Bairro Planalto",Caxias Do Sul,RS,95086-200,BRAZIL,https://www.marcopolo.com.br
XTED11.SA,"Rodovia RS 122, KM 66, nº 10.945 Bairro Forqueta",Caxias Do Sul,RS,95115-550,BRAZIL,https://ri.fras-le.com.br
RADL3.SA,"Rodovia BR 470, Km 212, 930 ",Bento Gonçalves,RS,95707-540,BRAZIL,https://www.unicasamoveis.com.br
MNPR3.SA,"Av. Senator Alberto Pasqualini, 1535 São Cristóvão",Lajeado,RS,95913-162,BRAZIL,https://www.minupar.com.br
ANIM3T.SA,"Barão do Arroio Grande, 192 Bairro Arroio Grande",Santa Cruz Do Sul,RS,96830-504,BRAZIL,https://www.excelsior.com.br
CGAS5.SA,"Rua Valentin Grazziotin, 77 São Cristóvão",Passo Fundo,RS,99060-030,BRAZIL,https://www.grazziotin.com.br
COGN3.SA,"Rua Valentin Grazziotin, 77 São Cristóvão",Passo Fundo,RS,99060-030,BRAZIL,https://www.grazziotin.com.br
RENT3.SA,Rodovia SC 355 - Km 28 PO Box 02,Fraiburgo,SC,N/A,BRAZIL,https://www.pomifrutas.com.br
CESP3.SA,"Avenida Itamarati, nº 160 Itacorubi neighborhood",Florianópolis,SC,N/A,BRAZIL,https://www.celesc.com.br
SHOW3.SA,"Rua Paschoal Apostolo Pisca, no 5064 Agronomica",Florianópolis,SC,88025-255,BRAZIL,https://www.engie.com.br
PSSA3.SA,"Rodovia BR-101, km 163 ",Tijucas,SC,88200-000,BRAZIL,https://www.portobello.com.br
DDNB34.SA,"Rua CentenArio, 215 Centro",Brusque,SC,88351-025,BRAZIL,https://www.renauxview.com.br
CTSA4.SA,"Rua Engenheiro Paul Werner, 925 Bairro Itoupava Seca",Blumenau,SC,89030-900,BRAZIL,https://www.altona.com.br
DMMO11.SA,"Rua Engenheiro Paul Werner, 925 Bairro Itoupava Seca",Blumenau,SC,89030-900,BRAZIL,https://www.altona.com.br
TECN3.SA,"Rua Paulo Kuehnrich, 68 Bairro Itoupava Norte",Blumenau,SC,89052-900,BRAZIL,https://www.teka.com.br
EKTR4.SA,"Rua Johann Karsten, No. 260 Testo Salto",Blumenau,SC,89074-700,BRAZIL,https://www.karsten.com.br
MNDL3.SA,"Rua Fritz Lorenz, 2442 Distrito Industrial PO Box 11",Timbó,SC,89120-000,BRAZIL,https://www.metisa.com.br
MERC4.SA,"Rua EmIlio Adami, 700 Barra do Trombudo",Rio Do Sul,SC,89164-910,BRAZIL,https://www.riosulense.com.br
KHCB34.SA,"Rua Dona Francisca 6901 A, Distrito Industrial",Joinville,SC,89219-600,BRAZIL,https://www.schulz.com.br
CTSA3.SA,"Rua Arno Waldemar Döhler, nº 145 Zona Industrial Norte",Joinville,SC,89219-902,BRAZIL,https://www.dohler.com.br
TUPY3.SA,"Rua Albano Schmidt, 3400 Bairro Boa vista",Joinville,SC,89227-901,BRAZIL,https://www.tupy.com.br
MWET4.SA,"Rua Dona Francisca, 8300 Block H",Joinville,SC,89239-270,BRAZIL,https://www.wetzel.com.br
WEGE3.SA,"Avenida Prefeito Waldemar Grubba, 3300 ",Jaraguá do Sul,SC,89256-900,BRAZIL,https://www.weg.net/institutional/BR/en/
MGEL4.SA,"Rua Voluntários da, nº 1.465 Centro",Franca,SP,N/A,BRAZIL,https://www.magazineluiza.com.br
PQDP11.SA,"Cidade de Deus, S/N Andar 4o Vila Yara",Osasco,SP,N/A,BRAZIL,N/A
RNEW3.SA,"Av. Marcos Penteado de Ulhôa Rodrigues n. 939, 8th floor Edifício Jatobá CondomÃ­nio Castelo Branco Office Park Tamboré",Barueri,SP,N/A,BRAZIL,https://www.voeazul.com.br/ir
EALT4.SA,"Rua Ari Antenor de Souza, 321 Jardim Nova AmErica",Campinas,SP,N/A,BRAZIL,https://www.elektro.com.br
BIDI4T.SA,"Av. Chedid. Jafet, 75 Torre Sul Floor 30",Sao Paulo,SP,N/A,BRAZIL,N/A
BPAN4.SA,"Avenida Paulista, nº 1.374 16th Floor Bela Vista",São Paulo,SP,N/A,BRAZIL,https://www.bancopan.com.br
IGTA3.SA,"Avenida Doutora Ruth Cardoso, 4.777 12º andar Jardim Universidade Pinheiros",São Paulo,SP,N/A,BRAZIL,https://www.internationalmealcompany.com
RDNI3.SA,"Av. Roque Petroni Junior, 850 14th floor Torre Jaceru Jardim das Acácias",São Paulo,SP,N/A,BRAZIL,https://www.renovaenergia.com.br
SLED4.SA,"Rua Henrique Schaumann, 270 ",São Paulo,SP,N/A,BRAZIL,https://www.saraivari.com.br
BPFF11.SA,Paulista Ave. no. 1294 4th Floor,São Paulo,SP,N/A,BRAZIL,N/A
USBC34.SA,Rua Lemos Monteiro no 120 ButantA,São Paulo,SP,N/A,BRAZIL,https://ri.riachuelo.com.br
BAUH4.SA,Rua Vicente AntOnio de Oliveira 1050 ,São Paulo,SP,N/A,BRAZIL,https://www.azevedotravassos.com.br
BRIV3.SA,"Alameda Santos, 466 4th Floor Cerqueira CEsar",São Paulo,SP,N/A,BRAZIL,https://bancoalfa.com.br
BRIV4.SA,"Alameda Santos, 466 4th Floor Cerqueira CEsar",São Paulo,SP,N/A,BRAZIL,https://bancoalfa.com.br
WLMM3.SA,"Rua Henrique Schaumann, 270 ",São Paulo,SP,N/A,BRAZIL,https://www.saraivari.com.br
TWTR34.SA,"Av. Roque Petroni Junior, 850 14th floor Torre Jaceru Jardim das Acácias",São Paulo,SP,N/A,BRAZIL,https://www.renovaenergia.com.br
UPAC34.SA,"Av. Roque Petroni Junior, 850 14th floor Torre Jaceru Jardim das Acácias",São Paulo,SP,N/A,BRAZIL,https://www.renovaenergia.com.br
CARE11.SA,Rua Vicente AntOnio de Oliveira 1050 ,São Paulo,SP,N/A,BRAZIL,https://www.azevedotravassos.com.br
BPAC5.SA,"Alameda Santos, nº 466 ",São Paulo,SP,N/A,BRAZIL,N/A
BRGE11.SA,"Alameda Santos, nº 466 ",São Paulo,SP,N/A,BRAZIL,N/A
BRGE12.SA,"Alameda Santos, nº 466 ",São Paulo,SP,N/A,BRAZIL,N/A
HGTX3.SA,"Av. Vereador Narciso Yague Guimarães, 1.145 15° andar",Mogi das Cruzes,SP,N/A,BRAZIL,https://www.helbor.com.br
BAZA3.SA,Avenida Presidente Juscelino; Torre IV - 7º andar - Itaim Bibi Kubitschek,Sao Paulo,SP,1830,BRAZIL,https://www.cshg.com.br/site/publico/imob/imob2.seam
HGBS11.SA,Avenida Presidente Juscelino; Torre IV - 7º andar - Itaim Bibi Kubitschek,Sao Paulo,SP,1830,BRAZIL,N/A
FPAB11.SA,Avenida Presidente Juscelino; Torre IV - 7º andar - Itaim Bibi Kubitschek,Sao Paulo,SP,1830,BRAZIL,https://www.cshg.com.br/site/publico/imob/imob.seam
HGLG11.SA,Avenida Presidente Juscelino; Torre IV - 7º andar - Itaim Bibi Kubitschek,Sao Paulo,SP,1830,BRAZIL,N/A
TGAR11.SA,Avenida Presidente Juscelino; Torre IV - 7º andar - Itaim Bibi Kubitschek,Sao Paulo,SP,1830,BRAZIL,N/A
WSON33.SA,Av. Pres. Juscelino Kubitschek ,São Paulo,SP,1830,BRAZIL,https://www.allianca.com
BBPO11.SA,Avenida Paulista 1111 2 Andar Parte Bela Vista Bela Vista,Sao Paulo,SP,1311920,BRAZIL,N/A
KNRE11.SA,Avenida Paulista 1111 2 Andar Parte Bela Vista Bela Vista,Sao Paulo,SP,1311920,BRAZIL,N/A
RBCB11.SA,Avenida Paulista 1111 2 Andar Parte Bela Vista Bela Vista,Sao Paulo,SP,1311920,BRAZIL,N/A
RNGO11.SA,Avenida Paulista 1111 2 Andar Parte Bela Vista Bela Vista,Sao Paulo,SP,1311920,BRAZIL,N/A
SEDU3.SA,Avenida Paulista 1111 2 Andar Parte Bela Vista Bela Vista,Sao Paulo,SP,1311920,BRAZIL,https://www.riobravo.com.br/EstrategiasInvestimento/Paginas/FII-XPCorporateMacaeFII.ASPX
ESTR4.SA,"Avenida Eusebio Matoso, b. 1.375 7th Floor Pinheiros",São Paulo,SP,5423180,BRAZIL,https://www.estrela.com.br
TEKA4.SA,"1000, Avenida Braz Leme Santana",São Paulo,SP,02511-00,BRAZIL,https://www.totvs.com
CEED3.SA,"Av. Chedid Jafet, 222 Vila Olimpia",São Paulo,SP,04551-06,BRAZIL,https://www.ccr.com.br
TEND3.SA,"Rua Boa Vista, 280 ",São Paulo,SP,01010-001,BRAZIL,https://www.tenda.com
XPIN11.SA,"R. Boa Vista 280, 15Ao andar Centro",São Paulo,SP,01010-001,BRAZIL,https://spturis.com
AMAR3.SA,"Rua James Holland, 422 Barra Funda",São Paulo,SP,01138-909,BRAZIL,https://www.marisa.com.br
TCSA3.SA,"Avenida Nicolas Boer, 399 5th floor, unit 502S Jardim das Perdizes",São Paulo,SP,01142-060,BRAZIL,https://www.tecnisa.com.br
POMO4.SA,"Torre B 11º andar Alameda Barão de Piracicaba, nº 618/634 Campos Elíseos",São Paulo,SP,01216-012,BRAZIL,https://www.portoseguro.com.br
GSHP3.SA,"Avenida Angélica, 2466 24th Floor Suite 241",São Paulo,SP,01228-200,BRAZIL,https://www.generalshopping.com.br
BAHI3.SA,"Av. Arnolfo Azevedo, 210 ",Pacaembu,SP,01236-030,BRAZIL,https://www.baumer.com.br
TAEE3.SA,"Av. Arnolfo Azevedo, 210 ",Pacaembu,SP,01236-030,BRAZIL,https://www.baumer.com.br
INEP3.SA,"Av. Paulista, 1938 5th Floor Bela Vista",São Paulo,SP,01310-200,BRAZIL,https://www.itausa.com.br
ITSA4.SA,"Av. Paulista, 1938 5th Floor Bela Vista",São Paulo,SP,01310-200,BRAZIL,https://www.itausa.com.br
BEEF3.SA,1450 Paulista Avenue 9th Floor,São Paulo,SP,01310-917,BRAZIL,https://www.bradespar.com.br
BRAP3.SA,1450 Paulista Avenue 9th Floor,São Paulo,SP,01310-917,BRAZIL,https://www.bradespar.com.br
QUAL3.SA,"Avenida Paulista, 475 Cerqueira César",São Paulo,SP,01311-000,BRAZIL,https://www.qualicorp.com.br
MCDC34.SA,"Av. Paulista, 2.439 - 11Ã‚Âº Andar Jardim Paulista",Sao Paulo,SP,01311-300,BRAZIL,N/A
TRIS3.SA,"Paulista Avenue, 37 18th floor Bela Vista",São Paulo,SP,01311-902,BRAZIL,https://www.trisul-sa.com.br
UNIP6.SA,"Brigadeiro Luis Antônio Avenue, 1343 9th Floor",São Paulo,SP,01317-910,BRAZIL,https://www.ultra.com.br
RPMG3.SA,Alameda Santos no 466 1o Andar Cerqueira CEsar,São Paulo,SP,01418-000,BRAZIL,https://wwws.financeiraalfa.com.br
CRPG6.SA,Alameda Santos no 466 1o Andar Cerqueira CEsar,São Paulo,SP,01418-000,BRAZIL,https://wwws.financeiraalfa.com.br
RPAD5.SA,"Alameda Santos, nº 466 4 Andar Cerqueira Cesar",São Paulo,SP,01418-000,BRAZIL,https://www.alfanet.com.br
WLMM4.SA,"Alameda Santos, nº 466 4 Andar Cerqueira Cesar",São Paulo,SP,01418-000,BRAZIL,https://www.alfanet.com.br
RPAD3.SA,"Alameda Santos, nº 466 4 Andar Cerqueira Cesar",São Paulo,SP,01418-000,BRAZIL,https://www.alfanet.com.br
LOGN3.SA,"Rua Estados Unidos, nº. 2.000 Jardim América",São Paulo,SP,01427-002,BRAZIL,https://www.lopes.com.br
TRXL11.SA,Rua Amauri 255 8th Floor,Sao Paulo,SP,01448-000,BRAZIL,N/A
WPLZ11B.SA,Rua Amauri 255 8th Floor,Sao Paulo,SP,01448-000,BRAZIL,N/A
AZEV4.SA,Av. Brigadeiro Faria Lima 1656 - 9º andar Jardim Paulistano,São Paulo,SP,01451-918,BRAZIL,https://www.bahema.com.br
RAIL3.SA,"Avenida Brigadeiro Faria Lima, 1309 5th Floor",São Paulo,SP,01452-002,BRAZIL,https://www.brasil-agro.com
TESA3.SA,Avenida Brigadeiro Faria Lima 1461 10th Floor Torre Sul,São Paulo,SP,01452-921,BRAZIL,https://www.viver.com.br
ALPA4.SA,"Avenida Cidade Jardim, 803 2nd floor Itaim Bibi",São Paulo,SP,01453-000,BRAZIL,https://www.abcbrasil.com.br
DMMO3.SA,"Avenida Cidade Jardim, 803 2nd floor Itaim Bibi",São Paulo,SP,01453-000,BRAZIL,https://www.abcbrasil.com.br
BEEF11.SA,"Av. Cidade Jardim, 803 8th Floor Itaim Bibi",São Paulo,SP,01453-000,BRAZIL,N/A
YDUQ3.SA,"Rua Hungria, 1.400 3o andar Jardim AmErica",São Paulo,SP,01455-000,BRAZIL,https://www.even.com.br
KNIP11.SA,"Av. Morvan Dias de Figueiredo, nº 6.169 Vila Maria",São Paulo,SP,02170-901,BRAZIL,https://www.atacadao.com.br
JBDU4.SA,"Rua do Paraíso, 148 14th floor Bairro Paraíso",Sao Paulo,SP,04103-000,BRAZIL,https://www.mundial-sa.com.br
IDVL3.SA,"Rua do ParaIso, 148 14o andar",São Paulo,SP,04103-000,BRAZIL,https://www.hercules.ind.br
TGTB34.SA,"Administrative Building 1 1st floor - room 6 Rua Olympia Semeraro, 675 Bairro Jardim Santa EmÃ­lia",São Paulo,SP,04183-090,BRAZIL,https://www.whirlpool.com.br
USIM6.SA,"Administrative Building 1 1st floor - room 6 Rua Olympia Semeraro, 675 Bairro Jardim Santa EmÃ­lia",São Paulo,SP,04183-090,BRAZIL,https://www.whirlpool.com.br
TIET3.SA,"Avenida AbrahAo GonCalves Braga, 412 Vila Livieiro",São Paulo,SP,04186-220,BRAZIL,https://www.metalfrio.com.br
ITUB3.SA,Praça Alfredo Egydio de Souza Aranha n° 100,São Paulo,SP,04344-902,BRAZIL,https://www.itau.com.br
JBSS3.SA,Praça Alfredo Egydio de Souza Aranha n° 100,São Paulo,SP,04344-902,BRAZIL,https://www.itau.com.br
EVEN3.SA,"Avenida República do Líbano, 1921 Ibirapuera",São Paulo,SP,04501-002,BRAZIL,https://www.eztec.com.br
AGRO3.SA,"Rua Dr. Renato Paes de Barros, 1017 3rd Floor",São Paulo,SP,04530-001,BRAZIL,https://www.ambev.com.br
AIGB34.SA,Rua Dr. Renato Paes de Barros nº 1017 9th Floor,São Paulo,SP,04530-001,BRAZIL,https://ri.movida.com.br
PATC11.SA,"Dr. Renato Paes de Barros Street, 1017 6th Floor Itaim Bibi",São Paulo,SP,04530-001,BRAZIL,https://grupovamos.com.br
COCE3.SA,"413, Joaquim Floriano Street 10th floor Itaim Bibi",São Paulo,SP,04534-011,BRAZIL,https://www.santosbrasil.com.br
CEDO4.SA,Av. Brig Faria Lima Andar 27 Sala 01 Itaim Bibi,São Paulo,SP,04538-132,BRAZIL,https://www.comgas.com.br
CRDE3.SA,"Avenida Brigadeiro Faria Lima, 4100 16th floor",São Paulo,SP,04538-132,BRAZIL,https://www.cosan.com.br
LIQO3.SA,"Av. Brigadeiro Faria Lima, 3400 19th and 20th Floors Itaim Bibi",São Paulo,SP,04538-132,BRAZIL,https://www.csn.com.br
LAME4.SA,"Avenida Brigadeiro Faria Lima, 3600 3rd, 4th and 5th Floors Itaim Bibi",São Paulo,SP,04538-132,BRAZIL,https://www.klabin.com.br
BIOM3.SA,"Avenida Brigadeiro Faria Lima, 3600 3rd, 4th and 5th Floors Itaim Bibi",São Paulo,SP,04538-132,BRAZIL,https://www.klabin.com.br
CGAS3.SA,Av. Brig Faria Lima Andar 27 Sala 01 Itaim Bibi,São Paulo,SP,04538-132,BRAZIL,https://www.comgas.com.br
KLBN3.SA,"Avenida Brigadeiro Faria Lima, 3600 3rd, 4th and 5th Floors Itaim Bibi",São Paulo,SP,04538-132,BRAZIL,https://www.klabin.com.br
JPSA3.SA,"Av. Brigadeiro Faria Lima 4300 2th floor, 21",São Paulo,SP,04538-132,BRAZIL,https://www.gp-investments.com
CTXT11.SA,"Av. Brigadeiro Faria Lima, 3477 ",Sao Paulo,SP,04538-133,BRAZIL,https://www.bcfund.com.br/bcfund/web/conteudo_en.asp?idioma=1&conta=44&tipo=47091
EDGA11.SA,"Av. Brigadeiro Faria Lima, 3477 ",Sao Paulo,SP,04538-133,BRAZIL,N/A
PPLA11.SA,"Avenida Brigadeiro Faria Lima, 3.477 14th Floor",Sao Paulo,SP,04538-133,BRAZIL,https://www.pplaparticipations.com
ANCR11B.SA,"Av. Brigadeiro Faria Lima, 3477 ",São Paulo,SP,04538-133,BRAZIL,N/A
ATSA11B.SA,"Av. Brigadeiro Faria Lima, 3477 ",São Paulo,SP,04538-133,BRAZIL,N/A
ENMA3B.SA,"Av. Brigadeiro Faria Lima, 3477 ",São Paulo,SP,04538-133,BRAZIL,N/A
FCFL11.SA,"Av. Brigadeiro Faria Lima, 3477 ",São Paulo,SP,04538-133,BRAZIL,N/A
FIIP11B.SA,"Av. Brigadeiro Faria Lima, 3477 ",São Paulo,SP,04538-133,BRAZIL,N/A
FLRP11.SA,"Av. Brigadeiro Faria Lima, 3477 ",São Paulo,SP,04538-133,BRAZIL,N/A
JRDM11.SA,"Av. Brigadeiro Faria Lima, 3477 ",São Paulo,SP,04538-133,BRAZIL,https://www.ourinvest.com.br/pt/fundos-imobiliarios/fii-torre-norte
NSLU11.SA,"Av. Brigadeiro Faria Lima, 3477 ",São Paulo,SP,04538-133,BRAZIL,N/A
IRDM11.SA,"Av. Brigadeiro Faria Lima, 3477 ",São Paulo,SP,04538-133,BRAZIL,N/A
RSID3.SA,"Avenida Presidente Juscelino Kubitschek 2041, Suite 281 Block A CondomInio WTORRE JK Vila Nova ConceiCAo",São Paulo,SP,04543-011,BRAZIL,https://www.santander.com.br
UGPA3.SA,"Av. Pres Juscelino Kubitschek, 1327 22º andar",São Paulo,SP,04543-011,BRAZIL,https://www.unipar.com
USIM3.SA,"Av. Pres Juscelino Kubitschek, 1327 22º andar",São Paulo,SP,04543-011,BRAZIL,https://www.unipar.com
BRSR5.SA,"Avenida Presidente Juscelino Kubitschek 2041, Suite 281 Block A CondomInio WTORRE JK Vila Nova ConceiCAo",São Paulo,SP,04543-011,BRAZIL,https://www.santander.com.br
OFSA3.SA,"Avenida Presidente Juscelino Kubitschek 2041, Suite 281 Block A CondomInio WTORRE JK Vila Nova ConceiCAo",São Paulo,SP,04543-011,BRAZIL,https://www.santander.com.br
TELB3.SA,"Av. Pres Juscelino Kubitschek, 1327 22º andar",São Paulo,SP,04543-011,BRAZIL,https://www.unipar.com
EQTL3.SA,"Tower I 11th Floor Av. Pres. Juscelino Kubitschek, 1830",São Paulo,SP,04543-900,BRAZIL,https://www.eucatex.com.br
GOLL4.SA,"No. 1830, Avenida Presidente Juscelino Kubitschek No. 32, commercial complex 3rd Floor, Block 2",São Paulo,SP,04543-900,BRAZIL,https://www.gafisa.com.br
PFRM3.SA,"Av. Pres. Juscelino Kubitschek 1830, 6º andar Itaim Bibi",São Paulo,SP,04543-900,BRAZIL,https://www.pine.com
CEAB3.SA,"Av. Presidente Juscelino Kubitsche 1830,Tower 2 - 10th floor Vila Nova Conceicao",São Paulo,SP,04543-900,BRAZIL,https://www.bancobmg.com.br
SCAR3.SA,"Rua Dr. Eduardo de Souza Aranha, 153 12th Floor Vila Nova Conceição",São Paulo,SP,04543-904,BRAZIL,https://www.scsa.com.br
DIRR3.SA,"Rua Gomes de Carvalho, 1510 3rd Floor Vila Olímpia",São Paulo,SP,04547-005,BRAZIL,https://www.ecorodovias.com.br
BBSE3.SA,"Rua Gomes de Carvalho, 1.996 16th floor Vila Olimpia",São Paulo,SP,04547-006,BRAZIL,https://www.alupar.com.br
MGFF11.SA,"Rua Gomes de Carvalho, 1.996 16th floor Vila Olimpia",São Paulo,SP,04547-006,BRAZIL,https://www.alupar.com.br
HGRU11.SA,"Rua Gomes de Carvalho, 1.996 16th floor Vila Olimpia",São Paulo,SP,04547-006,BRAZIL,https://www.alupar.com.br
PETR3.SA,"Dr. Cardoso de Melo Avenue, 1855 6th Floor Vila OlImpia",São Paulo,SP,04548-005,BRAZIL,https://www.pdg.com.br
TIMP3.SA,"Rua Olimpíadas, no 205 Conjunto 142/143 Vila Olímpia",São Paulo,SP,04551-000,BRAZIL,https://www.triunfo.com
SANB3.SA,Rua Funchal No.418 3rd floor Bairro Vila Olímpia,Sao Paulo,SP,04551-060,BRAZIL,https://www.paranapanemaenergia.com.br
GEPA3.SA,Rua Funchal No.418 3rd floor Bairro Vila Olímpia,Sao Paulo,SP,04551-060,BRAZIL,https://www.paranapanemaenergia.com.br
CXTL11.SA,"Av. Chedid Jafet, 222 Bloco B, 3rd floor Vila Olimpia",Sao Paulo,SP,04551-065,BRAZIL,N/A
CYRE3.SA,"Rua do Rocio nº 109 - 2º andar Sala 01 - Parte, Vila Olímpia",São Paulo,SP,04552-000,BRAZIL,https://www.cyrela.com.br
LREN3.SA,"Rua Alcides Lourenço da Rocha, 167 8º andar",São Paulo,SP,04571-910,BRAZIL,https://www.lupatech.com.br
VIVT4.SA,"Avenida Engenheiro Luis Carlos Berrini 1376, 32º andar",São Paulo,SP,04571-936,BRAZIL,https://www.telefonica.com.br
FESA3.SA,"Avenida Jornalista Roberto Marinho, 85 16th Floor Cidade MonCOes",São Paulo,SP,04576-010,BRAZIL,https://emae.com.br
BRPR3.SA,Avenida das Nacoes Unidas 12.495 - 18o andar,São Paulo,SP,04578-000,BRAZIL,https://www.brpr.com.br
GGBR3.SA,"Praca Comandante Linneu Gomes, S/N Portaria 3, prEdio 24 Jardim Aeroporto",São Paulo,SP,04626-020,BRAZIL,https://www.voegol.com.br
FESA4.SA,Avenida Morumbi 8860 – 8º andar Brooklin,São Paulo,SP,04703-003,BRAZIL,https://ri.fleury.com.br
SBSP3.SA,Rua Henri Dunant No. 873 6th Floor St. Anthony's Farm,São Paulo,SP,04709-111,BRAZIL,https://www.rossiresidencial.com.br
WTSP11B.SA,"Rua Verbo Divino, 1207 Chácara Santo Antonio",São Paulo,SP,04719-901,BRAZIL,https://www.vivara.com.br
BRAP4.SA,Av. Das Nações Unidas 14.401 22nd to 25th Floors Torre Jequitibá Condomínio Parque da Cidade Chácara Santo Antônio,São Paulo,SP,04730-090,BRAZIL,https://www.brf-global.com
DMAC11.SA,"Rua Amador Bueno, 474 1º Andar, Bloco D,",São Paulo,SP,04752-005,BRAZIL,N/A
KEPL3.SA,"Rua do Rócio, nº 84 3º Andar Vila Olímpia",São Paulo,SP,04757-020,BRAZIL,https://www.kepler.com.br
ABCB4.SA,"Av. das NaCOes Unidas, 14.261 Wing A - 9th, 10th and 11th floors",São Paulo,SP,04794-000,BRAZIL,https://www.alpargatas.com.br
ALSO3.SA,"Av. das NaCOes Unidas, 14.261 Wing A - 9th, 10th and 11th floors",São Paulo,SP,04794-000,BRAZIL,https://www.alpargatas.com.br
TRPL4.SA,"Torre C – Cristal Tower Avenida das Nações Unidas, nº 14.171 andares 5º, 6º e 7º Vila Gertrudes",São Paulo,SP,04794-000,BRAZIL,https://www.isacteep.com.br
TRPL3.SA,"Torre C – Cristal Tower Avenida das Nações Unidas, nº 14.171 andares 5º, 6º e 7º Vila Gertrudes",São Paulo,SP,04794-000,BRAZIL,https://www.isacteep.com.br
HAPV3.SA,"Rua Tito, nº 479 2nd Floor Vila Romana",São Paulo,SP,05051-000,BRAZIL,https://www.melhoramentos.com.br
ITUB4.SA,"Avenida Marginal Direita do TietE, 500 Vila Jaguara",São Paulo,SP,05118-100,BRAZIL,https://www.jbs.com.br
ENEV3.SA,"Sabiá Tower 3rd Floor Av. Queiroz Filho, 1560 Vila Hamburguesa",São Paulo,SP,05319-000,BRAZIL,https://www.marfrig.com.br
UCAS3.SA,"Av. Corifeu de Azevedo Marques, 3097 ButantA",São Paulo,SP,05339-900,BRAZIL,https://www.rd.com.br
XPHT11.SA,"Rua Alves Guimarães, 1216 Pinheiros",São Paulo,SP,05410-002,BRAZIL,N/A
RBCO11.SA,"Rua Alves Guimarães, 1216 Pinheiros",São Paulo,SP,05410-002,BRAZIL,N/A
EUCA4.SA,"Rua Dr. Fernandes Coelho, 85 8th floor Pinheiros",São Paulo,SP,05423-040,BRAZIL,https://www.eternit.com.br
BRFS3.SA,"Rua Gilberto Sabino, nº 215 13th floor",São Paulo,SP,05425-020,BRAZIL,https://www.alperseguros.com.br
ELET3.SA,"Eldorado Business Tower 30th floor Avenida Dra. Ruth Cardoso, No. 8,501 Pinheiros",São Paulo,SP,05425-070,BRAZIL,https://embraer.com
TIET4.SA,"Avenida Doutora Ruth Cardoso, 8501 Floor 8 Set 1 Part Pinheiros",São Paulo,SP,05425-070,BRAZIL,N/A
GFSA3.SA,"Avenida Doutora Ruth Cardoso, 8501 Floor 8 Set 1 Part Pinheiros",São Paulo,SP,05425-070,BRAZIL,N/A
GGBR4.SA,"Av. Dra. Ruth Cardoso, 8501 8th floor",São Paulo,SP,05425-070,BRAZIL,https://www2.gerdau.com
GOAU4.SA,"Av. Dra. Ruth Cardoso, 8501 8th floor",São Paulo,SP,05425-070,BRAZIL,https://www2.gerdau.com
CAML3.SA,Eldorado Business Tower 12º Floor Av. Doutora Ruth Cardoso 8501 Pinheiros,São Paulo,SP,05425-070,BRAZIL,https://www.camil.com.br
SANB11.SA,"Rua Costa Carvalho, nº 300 Pinheiros",São Paulo,SP,05429-900,BRAZIL,https://www.sabesp.com.br
ALUP11.SA,"HARMONIA STREET, 1250 VILA MADALENA",São Paulo,SP,05443-001,BRAZIL,https://www.animaeducacao.com.br
BRKM3.SA,"Rua Lemos Monteiro, 120 22º andar Pinheiros One São Paulo Butantã",São Paulo,SP,05501-050,BRAZIL,https://www.braskem.com.br
OIBR3.SA,"Rua Lemos Monteiro, 120 22º andar Pinheiros One São Paulo Butantã",São Paulo,SP,05501-050,BRAZIL,https://www.braskem.com.br
JSLG3.SA,"Continental Tower 27th floor Cidade Jardim Avenida MagalhAes de Castro, 4.800",São Paulo,SP,05502-001,BRAZIL,https://www.jhsf.com.br
HBOR3.SA,"Av. Magalhães de Castro, 4800 240 Floor Continental Tower Building Bairro Cidade Jardim",São Paulo,SP,05676-120,BRAZIL,https://www.hyperapharma.com.br
ARZZ3.SA,"Cidade De Deus, S/N Vila Yara",Osasco,SP,06029-900,BRAZIL,https://banco.bradesco
BBAS3.SA,"Cidade De Deus, S/N Vila Yara",Osasco,SP,06029-900,BRAZIL,https://banco.bradesco
SULA4.SA,"Cidade De Deus, S/N Vila Yara",Osasco,SP,06029-900,BRAZIL,https://banco.bradesco
NUTR3.SA,"Rua Arnaldo, 388 ",Barueri,SP,06415-110,BRAZIL,https://www.nutriplant.com.br
ODPV3.SA,"Alameda Araguaia, 2104 21º andar Alphaville",Barueri,SP,06455-000,BRAZIL,https://www.odontoprev.com.br
YCHY11.SA,"Alameda Araguaia, 1.222 ",Barueri,SP,06455-000,BRAZIL,https://www.cea.com.br
CTNM4.SA,"Avenida Juruá, nº 434 Alphaville",Barueri,SP,06455-010,BRAZIL,https://www.dasa3.com.br
CIEL3.SA,"Alameda Xingu, 512 21st to 25th Floor Alphaville",Barueri,SP,06455-030,BRAZIL,https://www.cielo.com.br
ENGI11.SA,"Rodovia REgis Bittencourt, 4981 Km 280, Gramado",Embu Das Artes,SP,06830-900,BRAZIL,https://sansuy.com.br
BEES3.SA,"Av. Antonio Bardella, 525 ",Guarulhos,SP,07220-902,BRAZIL,https://www.bardella.com.br
CVCB3.SA,"Rua da Catequese, 227 11º andar sala 111",Santo André,SP,09080-370,BRAZIL,https://www.cvc.com.br
ENAT3.SA,"Rua Felipe Camarão, 500 Neighborhood Utinga",Santo André,SP,09220-580,BRAZIL,https://www.paranapanema.com.br
BMKS3.SA,"Via Anchieta, Km 14 S/N - Bairro Rudge Ramos Distrito Industrial",São Bernardo do Campo,SP,09696-000,BRAZIL,https://www.bombril.com.br
TOTS3.SA,"Avenida Nicola Demarchi, nº 2000 ",São Bernardo do Campo,SP,09820-655,BRAZIL,https://www.tegma.com.br
CPFE3.SA,"Rua Jorge Figueiredo CorrEa, no 1.632 Jardim Professora TarcIlia",Campinas,SP,13087-397,BRAZIL,https://www.cpfl.com.br
FHER3.SA,"Avenida Irene Karcher, nº 620 Betel - PaulInia",São Paulo,SP,13148-906,BRAZIL,https://www.heringer.com.br
PINE4.SA,"Rua Wilhelm Winter, 300 Distrito Industrial",Jundiaí,SP,13213-000,BRAZIL,https://www.plascar.com.br
TOYB4.SA,"Av. Antônio Frederico Ozanan, 1440 ",Jundiaí,SP,13219-001,BRAZIL,https://www.vulcabrasri.com
BOBR4.SA,Rua Alexandre Dumas ,São Paulo,SP,13347-370,BRAZIL,https://www.monark.com.br
FRTA3.SA,Rod. Luiz de Queiroz (SP-304) km 141 5 - Distrito Industrial Sul,Santa Bárbara d'Oeste,SP,13459-057,BRAZIL,https://www.romi.com
LEVE3.SA,"Av. Ernst MAHLE, 2000 ",Mogi Guaçu,SP,13846-146,BRAZIL,https://www.mahle.com/en
GEPA4.SA,Rodovia Anhanguera SP 330 Km 298 Distrito Industrial,Cravinhos,SP,14140-000,BRAZIL,https://www.ourofinosaudeanimal.com
BPHA3.SA,Avenida Antônio Manço Bernardes s/nº ,Barretos,SP,14781-545,BRAZIL,https://ri.minervafoods.com
EGIE3.SA,Fazenda São Martinho ,São Paulo,SP,14850-000,BRAZIL,https://www.saomartinho.com.br
RAPT4.SA,Avenida Francisco das Chagas de Oliveira ,São José do Rio Preto,SP,15085-485,BRAZIL,https://rni.com.br
XRXB34.SA,"R. Messías Pereira De Paula, 333 Jardim Eltonville",Sorocaba,SP,18046-640,BRAZIL,https://www.atompar.com.br
B3SA3.SA,"PraCa Antonio Prado, 48 Rua XV de Novembro, 275 Centro",São Paulo,SP,18970-020,BRAZIL,https://www.b3.com.br
MEAL3.SA,Alameda Dr. Carlos de Carvalho nº 373 suite nº 1101 11th floor Center,São Paulo,SP,80410-180,BRAZIL,https://www.inepar.com.br
INEP4.SA,Alameda Dr. Carlos de Carvalho nº 373 suite nº 1101 11th floor Center,São Paulo,SP,80410-180,BRAZIL,https://www.inepar.com.br
MULT3.SA,"Rua Dr. Othon Barcellos, 83 ",Cruzeiro,SP,012730-900,BRAZIL,https://www.iochpe.com.br
SGPS3.SA,"Rua Cristiano Viana nº 401, 15º andar Pinheiros",Sao Paulo,SP,05411- 000,BRAZIL,https://www.t4f.com.br
JFEN3.SA,Rua Doutor Renato Paes de Barros Street 1.017 9th Floor Itaim Bibi,São Paulo,SP,04530–001,BRAZIL,https://www.jsl.com.br
COCA34.SA,5205 North O'Connor Boulevard Suite 100,Irving,TX,75039,UNITED STATES,https://www.caterpillar.com
ARMT34.SA,208 South Akard Street ,Dallas,TX,75202,UNITED STATES,https://www.att.com
TIFF34.SA,12500 TI Boulevard ,Dallas,TX,75243,UNITED STATES,https://www.ti.com
PARD3.SA,1 Skyview Drive ,Fort Worth,TX,76155,UNITED STATES,https://www.aa.com
SCHW34.SA,3000 Schwab Way ,Westlake,TX,76262,UNITED STATES,https://www.schwab.com
JPMC34.SA,3000 North Sam Houston Parkway East ,Houston,TX,77032,UNITED STATES,https://www.halliburton.com
UPSS34.SA,5599 San Felipe 17th Floor,Houston,TX,77056,UNITED STATES,https://www.slb.com
VLOE34.SA,One Valero Way ,San Antonio,TX,78249,UNITED STATES,https://www.valero.com
AZUL4.SA,1 Tesla Road ,Austin,TX,78725,UNITED STATES,https://www.tesla.com
ORCL34.SA,2300 Oracle Way ,Austin,TX,78741,UNITED STATES,https://www.oracle.com
KMBB34.SA,PO Box 619100 ,Dallas,TX,75261-9100,UNITED STATES,https://www.kimberly-clark.com
COPH34.SA,925 North Eldridge Parkway ,Houston,TX,77079-2703,UNITED STATES,https://www.conocophillips.com
DISB34.SA,22777 Springwoods Village Parkway ,Spring,TX,77389-1425,UNITED STATES,https://corporate.exxonmobil.com
BLAK34.SA,999 Lake Drive ,Issaquah,WA,98027,UNITED STATES,https://www.costco.com
PGCO34.SA,2401 Utah Avenue South ,Seattle,WA,98134,UNITED STATES,https://www.starbucks.com
MMMC34.SA,One Microsoft Way ,Redmond,WA,98052-6399,UNITED STATES,https://www.microsoft.com
AMGN34.SA,410 Terry Avenue North ,Seattle,WA,98109-5210,UNITED STATES,https://www.aboutamazon.com
ABEV3.SA, ,N/A,N/A,N/A,N/A,N/A
BBDC3.SA, ,N/A,N/A,N/A,N/A,N/A
BBRK3.SA, ,N/A,N/A,N/A,N/A,N/A
APER3.SA, ,N/A,N/A,N/A,N/A,N/A
OIBR4.SA, ,N/A,N/A,N/A,N/A,N/A
BTOW3.SA, ,N/A,N/A,N/A,N/A,N/A
CAMB4.SA, ,N/A,N/A,N/A,N/A,N/A
CARD3.SA, ,N/A,N/A,N/A,N/A,N/A
CESP6.SA, ,N/A,N/A,N/A,N/A,N/A
CPLE3.SA, ,N/A,N/A,N/A,N/A,N/A
CSMG3.SA, ,N/A,N/A,N/A,N/A,N/A
CSNA3.SA, ,N/A,N/A,N/A,N/A,N/A
DTEX3.SA, ,N/A,N/A,N/A,N/A,N/A
ECOR3.SA, ,N/A,N/A,N/A,N/A,N/A
EEEL3.SA, ,N/A,N/A,N/A,N/A,N/A
FLRY3.SA, ,N/A,N/A,N/A,N/A,N/A
FRIO3.SA, ,N/A,N/A,N/A,N/A,N/A
GRND3.SA, ,N/A,N/A,N/A,N/A,N/A
PRIO3.SA, ,N/A,N/A,N/A,N/A,N/A
HYPE3.SA, ,N/A,N/A,N/A,N/A,N/A
IDNT3.SA, ,N/A,N/A,N/A,N/A,N/A
ITSA3.SA, ,N/A,N/A,N/A,N/A,N/A
KLBN4.SA, ,N/A,N/A,N/A,N/A,N/A
LAME3.SA, ,N/A,N/A,N/A,N/A,N/A
LPSB3.SA, ,N/A,N/A,N/A,N/A,N/A
MILS3.SA, ,N/A,N/A,N/A,N/A,N/A
MTIG4.SA, ,N/A,N/A,N/A,N/A,N/A
MYPK3.SA, ,N/A,N/A,N/A,N/A,N/A
NATU3.SA, ,N/A,N/A,N/A,N/A,N/A
SMTO3.SA, ,N/A,N/A,N/A,N/A,N/A
TPIS3.SA, ,N/A,N/A,N/A,N/A,N/A
TAEE11.SA, ,N/A,N/A,N/A,N/A,N/A
VALE3.SA, ,N/A,N/A,N/A,N/A,N/A
VIVT3.SA, ,N/A,N/A,N/A,N/A,N/A
CESP5.SA, ,N/A,N/A,N/A,N/A,N/A
ELPL3.SA, ,N/A,N/A,N/A,N/A,N/A
SANB4.SA, ,N/A,N/A,N/A,N/A,N/A
CCXC3.SA, ,N/A,N/A,N/A,N/A,N/A
LCAM3.SA, ,N/A,N/A,N/A,N/A,N/A
BSEV3.SA, ,N/A,N/A,N/A,N/A,N/A
CPRE3.SA, ,N/A,N/A,N/A,N/A,N/A
SEER3.SA, ,N/A,N/A,N/A,N/A,N/A
SMLS3.SA, ,N/A,N/A,N/A,N/A,N/A
MBRF11.SA, ,N/A,N/A,N/A,N/A,N/A
RBED11.SA, ,N/A,N/A,N/A,N/A,N/A
BBRC11.SA, ,N/A,N/A,N/A,N/A,N/A
FIGS11.SA, ,N/A,N/A,N/A,N/A,N/A
RBBV11.SA, ,N/A,N/A,N/A,N/A,N/A
RBGS11.SA, ,N/A,N/A,N/A,N/A,N/A
RDES11.SA, ,N/A,N/A,N/A,N/A,N/A
SAAG11.SA, ,N/A,N/A,N/A,N/A,N/A
SDIL11.SA, ,N/A,N/A,N/A,N/A,N/A
SHPH11.SA, ,N/A,N/A,N/A,N/A,N/A
VLOL11.SA, ,N/A,N/A,N/A,N/A,N/A
VRTA11.SA, ,N/A,N/A,N/A,N/A,N/A
XPCM11.SA, ,N/A,N/A,N/A,N/A,N/A
FRAS3.SA, ,N/A,N/A,N/A,N/A,N/A
RLOG3.SA, ,N/A,N/A,N/A,N/A,N/A
AMZO34.SA, ,N/A,N/A,N/A,N/A,N/A
FBOK34.SA, ,N/A,N/A,N/A,N/A,N/A
IBMB34.SA, ,N/A,N/A,N/A,N/A,N/A
WHRL3.SA, ,N/A,N/A,N/A,N/A,N/A
MOSC34.SA, ,N/A,N/A,N/A,N/A,N/A
TEXA34.SA, ,N/A,N/A,N/A,N/A,N/A
SAPR4.SA, ,N/A,N/A,N/A,N/A,N/A
BRSR3.SA, ,N/A,N/A,N/A,N/A,N/A
ABCB10.SA, ,N/A,N/A,N/A,N/A,N/A
BALM4.SA, ,N/A,N/A,N/A,N/A,N/A
BTTL3.SA, ,N/A,N/A,N/A,N/A,N/A
CEEB5.SA, ,N/A,N/A,N/A,N/A,N/A
CELP3.SA, ,N/A,N/A,N/A,N/A,N/A
CEPE5.SA, ,N/A,N/A,N/A,N/A,N/A
CRPG5.SA, ,N/A,N/A,N/A,N/A,N/A
CVCB3T.SA, ,N/A,N/A,N/A,N/A,N/A
ELEK3.SA, ,N/A,N/A,N/A,N/A,N/A
FNAM11.SA, ,N/A,N/A,N/A,N/A,N/A
FSRF11.SA, ,N/A,N/A,N/A,N/A,N/A
HBTS5.SA, ,N/A,N/A,N/A,N/A,N/A
JBDU3.SA, ,N/A,N/A,N/A,N/A,N/A
JOPA3.SA, ,N/A,N/A,N/A,N/A,N/A
MEND5.SA, ,N/A,N/A,N/A,N/A,N/A
PNVL3.SA, ,N/A,N/A,N/A,N/A,N/A
PNVL4.SA, ,N/A,N/A,N/A,N/A,N/A
SEER3T.SA, ,N/A,N/A,N/A,N/A,N/A
SMLS3T.SA, ,N/A,N/A,N/A,N/A,N/A
SOND5.SA, ,N/A,N/A,N/A,N/A,N/A
SPRI3.SA, ,N/A,N/A,N/A,N/A,N/A
VULC3.SA, ,N/A,N/A,N/A,N/A,N/A
VVAR3.SA, ,N/A,N/A,N/A,N/A,N/A
WHRL4.SA, ,N/A,N/A,N/A,N/A,N/A
BBFI11B.SA, ,N/A,N/A,N/A,N/A,N/A
CEOC11.SA, ,N/A,N/A,N/A,N/A,N/A
CNES11.SA, ,N/A,N/A,N/A,N/A,N/A
DRIT11B.SA, ,N/A,N/A,N/A,N/A,N/A
FAED11.SA, ,N/A,N/A,N/A,N/A,N/A
FAMB11B.SA, ,N/A,N/A,N/A,N/A,N/A
FVBI11.SA, ,N/A,N/A,N/A,N/A,N/A
HTMX11.SA, ,N/A,N/A,N/A,N/A,N/A
TRNT11.SA, ,N/A,N/A,N/A,N/A,N/A
BIIB34.SA, ,N/A,N/A,N/A,N/A,N/A
GOGL35.SA, ,N/A,N/A,N/A,N/A,N/A
JCPC34.SA, ,N/A,N/A,N/A,N/A,N/A
RIGG34.SA, ,N/A,N/A,N/A,N/A,N/A
SANC34.SA, ,N/A,N/A,N/A,N/A,N/A
CEBR3.SA, ,N/A,N/A,N/A,N/A,N/A
CEDO3.SA, ,N/A,N/A,N/A,N/A,N/A
FMOF11.SA, ,N/A,N/A,N/A,N/A,N/A
MAPT3.SA, ,N/A,N/A,N/A,N/A,N/A
SCPF11.SA, ,N/A,N/A,N/A,N/A,N/A
POMO10.SA, ,N/A,N/A,N/A,N/A,N/A
MOVI3.SA, ,N/A,N/A,N/A,N/A,N/A
BPAC11.SA, ,N/A,N/A,N/A,N/A,N/A
LBRN34.SA, ,N/A,N/A,N/A,N/A,N/A
TSLA34.SA, ,N/A,N/A,N/A,N/A,N/A
CRFB3.SA, ,N/A,N/A,N/A,N/A,N/A
GBIO33.SA, ,N/A,N/A,N/A,N/A,N/A
SAPR3.SA, ,N/A,N/A,N/A,N/A,N/A
NEOE3.SA, ,N/A,N/A,N/A,N/A,N/A
FMXB34.SA, ,N/A,N/A,N/A,N/A,N/A
HONB34.SA, ,N/A,N/A,N/A,N/A,N/A
UBSG34.SA, ,N/A,N/A,N/A,N/A,N/A
MSPA3.SA, ,N/A,N/A,N/A,N/A,N/A
HFOF11.SA, ,N/A,N/A,N/A,N/A,N/A
BIDI4.SA, ,N/A,N/A,N/A,N/A,N/A
TAEE4.SA, ,N/A,N/A,N/A,N/A,N/A
ALUP4.SA, ,N/A,N/A,N/A,N/A,N/A
AZEV3.SA, ,N/A,N/A,N/A,N/A,N/A
BALM3.SA, ,N/A,N/A,N/A,N/A,N/A
BPAC3.SA, ,N/A,N/A,N/A,N/A,N/A
EALT3.SA, ,N/A,N/A,N/A,N/A,N/A
HAGA3.SA, ,N/A,N/A,N/A,N/A,N/A
PATI3.SA, ,N/A,N/A,N/A,N/A,N/A
PEAB3.SA, ,N/A,N/A,N/A,N/A,N/A
BRGE6.SA, ,N/A,N/A,N/A,N/A,N/A
CELP6.SA, ,N/A,N/A,N/A,N/A,N/A
CELP7.SA, ,N/A,N/A,N/A,N/A,N/A
LUXM4.SA, ,N/A,N/A,N/A,N/A,N/A
RSUL4.SA, ,N/A,N/A,N/A,N/A,N/A
LOGN12.SA, ,N/A,N/A,N/A,N/A,N/A
BBDC3.SA, ,N/A,N/A,N/A,N/A,N/A
VGIR11.SA, ,N/A,N/A,N/A,N/A,N/A
VILG11.SA, ,N/A,N/A,N/A,N/A,N/A
CNTO3.SA, ,N/A,N/A,N/A,N/A,N/A
VAMO3.SA, ,N/A,N/A,N/A,N/A,N/A
MOAR3.SA, ,N/A,N/A,N/A,N/A,N/A
VTLT11.SA, ,N/A,N/A,N/A,N/A,N/A
GTWR11.SA, ,N/A,N/A,N/A,N/A,N/A
BIDI11.SA, ,N/A,N/A,N/A,N/A,N/A
TFOF11.SA, ,N/A,N/A,N/A,N/A,N/A
XPHT12.SA, ,N/A,N/A,N/A,N/A,N/A
RECT11.SA, ,N/A,N/A,N/A,N/A,N/A
AQLL11.SA, ,N/A,N/A,N/A,N/A,N/A
ARFI11B.SA, ,N/A,N/A,N/A,N/A,N/A
BARI11.SA, ,N/A,N/A,N/A,N/A,N/A
BBIM11.SA, ,N/A,N/A,N/A,N/A,N/A
BMII11.SA, ,N/A,N/A,N/A,N/A,N/A
BPRP11.SA, ,N/A,N/A,N/A,N/A,N/A
BVAR11.SA, ,N/A,N/A,N/A,N/A,N/A
DAMT11B.SA, ,N/A,N/A,N/A,N/A,N/A
DOVL11B.SA, ,N/A,N/A,N/A,N/A,N/A
ERPA11.SA, ,N/A,N/A,N/A,N/A,N/A
FINF11.SA, ,N/A,N/A,N/A,N/A,N/A
JPPC11.SA, ,N/A,N/A,N/A,N/A,N/A
LATR11B.SA, ,N/A,N/A,N/A,N/A,N/A
NCHB11.SA, ,N/A,N/A,N/A,N/A,N/A
NPAR11.SA, ,N/A,N/A,N/A,N/A,N/A
NVHO11.SA, ,N/A,N/A,N/A,N/A,N/A
NVIF11B.SA, ,N/A,N/A,N/A,N/A,N/A
OULG11B.SA, ,N/A,N/A,N/A,N/A,N/A
PBLV11.SA, ,N/A,N/A,N/A,N/A,N/A
PRTS11.SA, ,N/A,N/A,N/A,N/A,N/A
RBFF11.SA, ,N/A,N/A,N/A,N/A,N/A
RCFA11.SA, ,N/A,N/A,N/A,N/A,N/A
RDPD11.SA, ,N/A,N/A,N/A,N/A,N/A
SADI11.SA, ,N/A,N/A,N/A,N/A,N/A
SHDP11B.SA, ,N/A,N/A,N/A,N/A,N/A
SHOP11.SA, ,N/A,N/A,N/A,N/A,N/A
STRX11.SA, ,N/A,N/A,N/A,N/A,N/A
TORM13.SA, ,N/A,N/A,N/A,N/A,N/A
TOUR11.SA, ,N/A,N/A,N/A,N/A,N/A
TSNC11.SA, ,N/A,N/A,N/A,N/A,N/A
VLJS11.SA, ,N/A,N/A,N/A,N/A,N/A
VPSI11.SA, ,N/A,N/A,N/A,N/A,N/A
VIVA3.SA, ,N/A,N/A,N/A,N/A,N/A
BMGB11.SA, ,N/A,N/A,N/A,N/A,N/A
BMGB4.SA, ,N/A,N/A,N/A,N/A,N/A
SDIP11.SA, ,N/A,N/A,N/A,N/A,N/A
CVBI11.SA, ,N/A,N/A,N/A,N/A,N/A
RSPD11.SA, ,N/A,N/A,N/A,N/A,N/A
TCPF11.SA, ,N/A,N/A,N/A,N/A,N/A
HGPO11.SA, ,N/A,N/A,N/A,BRAZIL,N/A
BRCR11.SA, ,N/A,N/A,N/A,BRAZIL,N/A
FIXX11.SA, ,N/A,N/A,N/A,BRAZIL,N/A
HMOC11.SA, ,N/A,N/A,N/A,BRAZIL,N/A
HGCR11.SA, ,N/A,N/A,N/A,BRAZIL,N/A
HGRE11.SA, ,N/A,N/A,N/A,BRAZIL,N/A
JSRE11.SA, ,N/A,N/A,N/A,BRAZIL,N/A
KNCR11.SA, ,N/A,N/A,N/A,BRAZIL,N/A
KNRI11.SA, ,N/A,N/A,N/A,BRAZIL,N/A
ONEF11.SA, ,N/A,N/A,N/A,BRAZIL,N/A
SPTW11.SA, ,N/A,N/A,N/A,BRAZIL,N/A
TBOF11.SA, ,N/A,N/A,N/A,BRAZIL,N/A
HAGA4.SA, ,N/A,N/A,N/A,BRAZIL,N/A
BCFF11.SA, ,N/A,N/A,N/A,BRAZIL,N/A
BMLC11B.SA, ,N/A,N/A,N/A,BRAZIL,N/A
HCRI11.SA, ,N/A,N/A,N/A,BRAZIL,N/A
ARNC34.SA, ,N/A,N/A,N/A,BRAZIL,N/A
CVSH34.SA, ,N/A,N/A,N/A,BRAZIL,N/A
BGIP3.SA, ,N/A,N/A,N/A,BRAZIL,N/A
CBOP11.SA, ,N/A,N/A,N/A,BRAZIL,N/A
ESUT11.SA, ,N/A,N/A,N/A,BRAZIL,N/A
FIIB11.SA, ,N/A,N/A,N/A,BRAZIL,N/A
FIVN11.SA, ,N/A,N/A,N/A,BRAZIL,N/A
FNOR11.SA, ,N/A,N/A,N/A,BRAZIL,N/A
FSPE11.SA, ,N/A,N/A,N/A,BRAZIL,N/A
MMXM11.SA, ,N/A,N/A,N/A,BRAZIL,N/A
PLRI11.SA, ,N/A,N/A,N/A,BRAZIL,N/A
RBDS11.SA, ,N/A,N/A,N/A,BRAZIL,N/A
RNEW4.SA, ,N/A,N/A,N/A,BRAZIL,N/A
VISC11.SA, ,N/A,N/A,N/A,BRAZIL,N/A
ALZR11.SA, ,N/A,N/A,N/A,BRAZIL,N/A
TXRX4.SA, ,N/A,N/A,N/A,BRAZIL,N/A
BOXP34.SA, ,N/A,N/A,N/A,BRAZIL,N/A
RBRF11.SA, ,N/A,N/A,N/A,BRAZIL,N/A
GNDI3.SA, ,N/A,N/A,N/A,BRAZIL,N/A
THRA11.SA, ,N/A,N/A,N/A,BRAZIL,N/A
XPLG11.SA, ,N/A,N/A,N/A,BRAZIL,N/A
RBRR11.SA, ,N/A,N/A,N/A,BRAZIL,N/A
WPLZ11.SA, ,N/A,N/A,N/A,BRAZIL,N/A
KNHY11.SA, ,N/A,N/A,N/A,BRAZIL,N/A
OUCY11.SA, ,N/A,N/A,N/A,BRAZIL,N/A
TASA17.SA, ,N/A,N/A,N/A,BRAZIL,N/A
JBDU1.SA, ,N/A,N/A,N/A,BRAZIL,N/A
JBDU2.SA, ,N/A,N/A,N/A,BRAZIL,N/A
MYPK12.SA, ,N/A,N/A,N/A,BRAZIL,N/A
RBVA11.SA, ,N/A,N/A,N/A,BRAZIL,N/A
MRSA3B.SA, ,N/A,N/A,N/A,BRAZIL,N/A
BIDI3.SA, ,N/A,N/A,N/A,BRAZIL,N/A
HCTR11.SA, ,N/A,N/A,N/A,BRAZIL,N/A
TIET2.SA, ,N/A,N/A,N/A,BRAZIL,N/A
HSML11.SA, ,N/A,N/A,N/A,BRAZIL,N/A
ATCR11.SA, ,N/A,N/A,N/A,BRAZIL,N/A
BRHT11B.SA, ,N/A,N/A,N/A,BRAZIL,N/A
ELDO11B.SA, ,N/A,N/A,N/A,BRAZIL,N/A
FISC11.SA, ,N/A,N/A,N/A,BRAZIL,N/A
FISD11.SA, ,N/A,N/A,N/A,BRAZIL,N/A
FPNG11.SA, ,N/A,N/A,N/A,BRAZIL,N/A
FTCE11B.SA, ,N/A,N/A,N/A,BRAZIL,N/A
GESE11B.SA, ,N/A,N/A,N/A,BRAZIL,N/A
HBTT11.SA, ,N/A,N/A,N/A,BRAZIL,N/A
HGFF11.SA, ,N/A,N/A,N/A,BRAZIL,N/A
KINP11.SA, ,N/A,N/A,N/A,BRAZIL,N/A
ORPD11.SA, ,N/A,N/A,N/A,BRAZIL,N/A
RBRP11.SA, ,N/A,N/A,N/A,BRAZIL,N/A
RBRY11.SA, ,N/A,N/A,N/A,BRAZIL,N/A
RCRI11B.SA, ,N/A,N/A,N/A,BRAZIL,N/A
REIT11.SA, ,N/A,N/A,N/A,BRAZIL,N/A
SAIC11B.SA, ,N/A,N/A,N/A,BRAZIL,N/A
SFND11.SA, ,N/A,N/A,N/A,BRAZIL,N/A
SPAF11.SA, ,N/A,N/A,N/A,BRAZIL,N/A
TCR11.SA, ,N/A,N/A,N/A,BRAZIL,N/A
VERE11.SA, ,N/A,N/A,N/A,BRAZIL,N/A
RBCO11.SA, ,N/A,N/A,N/A,BRAZIL,N/A
IBFF11.SA, ,N/A,N/A,N/A,BRAZIL,N/A
HRDF11.SA, ,N/A,N/A,N/A,BRAZIL,N/A
TCNO3.SA,Avenida Roque Petroni Jr 999 Andar 10,Sao Paulo,N/A,N/A,BRAZIL,N/A
ABCP11.SA,Avenida Roque Petroni Jr 999 Andar 10,Sao Paulo,N/A,N/A,BRAZIL,https://www.vam.com.br/web/site/bb_progressivoII/pt/index.html
RCRB11.SA,"Avenida Chedid Jafet 222 Andar 3, Bloco B",Sao Paulo,N/A,N/A,BRAZIL,N/A
FLMA11.SA,Avenida Brigadeiro Faria Lima 3900 Andar 6,Sao Paulo,N/A,N/A,BRAZIL,N/A
MXRF11.SA,"Avenida Chedid Jafet 222 Andar 3, Bloco B",Sao Paulo,N/A,N/A,BRAZIL,N/A
RBRD11.SA,Avenida Roque Petroni Jr 999 Andar 10,Sao Paulo,N/A,N/A,BRAZIL,N/A
RBVO11.SA,"Avenida Chedid Jafet 222 Andar 3, Bloco B",Sao Paulo,N/A,N/A,BRAZIL,N/A
RNDP11.SA,Avenida Roque Petroni Jr 999 Andar 10,Sao Paulo,N/A,N/A,BRAZIL,N/A
CPTS11B.SA,"Avenida Chedid Jafet 222 Andar 3, Bloco B",Sao Paulo,N/A,N/A,BRAZIL,N/A
TASA15.SA,Avenida Roque Petroni Jr 999 Andar 10,Sao Paulo,N/A,N/A,BRAZIL,N/A
IDVL9.SA,"Avenida Chedid Jafet 222 Andar 3, Bloco B",Sao Paulo,N/A,N/A,BRAZIL,https://www.riobravo.com.br/EstrategiasInvestimento/Paginas/FII_AgenciasCaixa.aspx
HABT11.SA, ,Sao Paulo,N/A,N/A,BRAZIL,N/A
FVPQ11.SA,Av. Atlantica 1130 - 9 andar Copacabana,Rio de Janeiro,N/A,N/A,BRAZIL,N/A
GGRC11.SA,Rua Gomes de Carvalho 1195 – 4º Andar Vila Olímpia,Sao Paulo,N/A,04547-004,BRAZIL,N/A
TRPN3.SA,"Av. das Américas, n° 2480 Block 6 sala 201 Barra da Tijuca",Rio de Janeiro,N/A,22640-101,BRAZIL,https://institucional.taesa.com.br/
FOFT11.SA,"Av. das Américas, n° 2480 Block 6 sala 201 Barra da Tijuca",Rio de Janeiro,N/A,22640-101,BRAZIL,https://institucional.taesa.com.br/
TASA13.SA,"Av. das Américas, n° 2480 Block 6 sala 201 Barra da Tijuca",Rio de Janeiro,N/A,22640-101,BRAZIL,https://institucional.taesa.com.br/
MDTC34.SA,20 On Hatch Lower Hatch Street,Dublin,N/A,2,IRELAND,https://www.medtronic.com
BONY34.SA,1 Grand Canal Square Grand Canal Harbour,Dublin,N/A,D02 P820,IRELAND,https://www.accenture.com
CAMB10.SA,"WTC Free Zone Dr. Luis Bonavita 1294, Of. 1733 Tower II",Montevideo,N/A,11300,URUGUAY,https://www.mercadolibre.com
ATTB34.SA,"24-26, Boulevard d’Avranches ",Luxembourg City,N/A,1160,LUXEMBOURG,https://corporate.arcelormittal.com
MACY34.SA,Turmstrasse 30 ,Steinhausen,N/A,6312,SWITZERLAND,https://www.deepwater.com
GFSA1.SA,Bahnhofstrasse 45 ,Zurich,N/A,8001,SWITZERLAND,https://www.ubs.com
